Subdistt,Town/Village,Ward,EB,No_HH,TOT_P,TOT_M,TOT_F,P_06,M_06,F_06,P_SC,M_SC,F_SC,P_ST,M_ST,F_ST,P_LIT,M_LIT,F_LIT,P_ILL,M_ILL,F_ILL,TOT_WORK_P,TOT_WORK_M,TOT_WORK_F,MAINWORK_P,MAINWORK_M,MAINWORK_F,MAIN_CL_P,MAIN_CL_M,MAIN_CL_F,MAIN_AL_P,MAIN_AL_M,MAIN_AL_F,MAIN_HH_P,MAIN_HH_M,MAIN_HH_F,MAIN_OT_P,MAIN_OT_M,MAIN_OT_F,MARGWORK_P,MARGWORK_M,MARGWORK_F,MARG_CL_P,MARG_CL_M,MARG_CL_F,MARG_AL_P,MARG_AL_M,MARG_AL_F,MARG_HH_P,MARG_HH_M,MARG_HH_F,MARG_OT_P,MARG_OT_M,MARG_OT_F,MARGWORK_3_6_P,MARGWORK_3_6_M,MARGWORK_3_6_F,MARG_CL_3_6_P,MARG_CL_3_6_M,MARG_CL_3_6_F,MARG_AL_3_6_P,MARG_AL_3_6_M,MARG_AL_3_6_F,MARG_HH_3_6_P,MARG_HH_3_6_M,MARG_HH_3_6_F,MARG_OT_3_6_P,MARG_OT_3_6_M,MARG_OT_3_6_F,MARGWORK_0_3_P,MARGWORK_0_3_M,MARGWORK_0_3_F,MARG_CL_0_3_P,MARG_CL_0_3_M,MARG_CL_0_3_F,MARG_AL_0_3_P,MARG_AL_0_3_M,MARG_AL_0_3_F,MARG_HH_0_3_P,MARG_HH_0_3_M,MARG_HH_0_3_F,MARG_OT_0_3_P,MARG_OT_0_3_M,MARG_OT_0_3_F,NON_WORK_P,NON_WORK_M,NON_WORK_F,Level
0,0,0,0,1285156,5937237,3035469,2901768,736748,380349,356399,762320,383179,379141,591820,296057,295763,4370966,2404881,1966085,1566271,630588,935683,2117111,1611608,505503,1876443,1483423,393020,80923,59701,21222,113478,66452,47026,56919,40077,16842,1625123,1317193,307930,240668,128185,112483,22808,9694,13114,83584,34849,48735,8656,4078,4578,125620,79564,46056,194758,104926,89832,17794,7809,9985,69365,29744,39621,6807,3242,3565,100792,64131,36661,45910,23259,22651,5014,1885,3129,14219,5105,9114,1849,836,1013,24828,15433,9395,3820126,1423861,2396265,1
0,0,0,0,20380315,91276115,46809027,44467088,10581466,5410396,5171070,21463270,11003304,10459966,5296953,2649974,2646979,61538281,33818810,27719471,29737834,12990217,16747617,34756355,26716047,8040308,25686630,21678279,4008351,4203767,3940399,263368,5869498,4943086,926412,1518128,869039,649089,14095237,11925755,2169482,9069725,5037768,4031957,912921,559642,353279,4319344,2509728,1809616,945996,245644,700352,2891464,1722754,1168710,7048294,4015867,3032427,698206,440464,257742,3300617,1982485,1318132,714472,190430,524042,2334999,1402488,932511,2021431,1021901,999530,214715,119178,95537,1018727,527243,491484,231524,55214,176310,556465,320266,236199,56519760,20092980,36426780,1
0,0,0,0,18913565,104099452,54278157,49821295,19133964,9887239,9246725,16567325,8606253,7961072,1336573,682516,654057,52504553,31608023,20896530,51594899,22670134,28924765,34724987,25222189,9502798,21359611,17270690,4088921,5413181,4688683,724498,9537418,7373292,2164126,779576,488797,290779,5629436,4719918,909518,13365376,7951499,5413877,1783045,1056737,726308,8808231,5197425,3610806,631632,273321,358311,2142468,1424016,718452,10922864,6728476,4194388,1446100,886729,559371,7211520,4416964,2794556,465751,213329,252422,1799493,1211454,588039,2442512,1223023,1219489,336945,170008,166937,1596711,780461,816250,165881,59992,105889,342975,212562,130413,69374465,29055968,40318497,1
0,0,0,0,105812,525435,269135,256300,93384,47489,45895,298,209,89,507467,257987,249480,363334,195400,167934,162101,73735,88366,252382,145091,107291,217824,134888,82936,170274,101909,68365,12448,7572,4876,1556,999,557,33546,24408,9138,34558,10203,24355,21920,5904,16016,6637,1983,4654,946,246,700,5055,2070,2985,25143,6745,18398,15295,3530,11765,5123,1424,3699,676,154,522,4049,1637,2412,9415,3458,5957,6625,2374,4251,1514,559,955,270,92,178,1006,433,573,273053,124044,149009,1
0,0,0,0,7946657,37469335,18929354,18539981,4517645,2317069,2200576,7495763,3771506,3724257,3429791,1723762,1706029,22649176,12893437,9755739,14820159,6035917,8784242,18502230,11311426,7190804,15060905,10003021,5057884,5824702,4394613,1430089,4795763,2415657,2380106,378691,178311,200380,4061749,3014440,1047309,3441325,1308405,2132920,516228,171064,345164,1941450,631459,1309991,143909,52175,91734,839738,453707,386031,3036548,1140372,1896176,450101,145760,304341,1788696,577507,1211189,114942,40907,74035,682809,376198,306611,404777,168033,236744,66127,25304,40823,152754,53952,98802,28967,11268,17699,156929,77509,79420,18967105,7617928,11349177,1
0,0,0,0,13214738,61556074,31539034,30017040,7688954,4067399,3621555,7494819,3825053,3669766,9006077,4540456,4465621,41482761,23391475,18091286,20073313,8147559,11925754,30650871,17887071,12763800,26510066,16188697,10321369,11170114,6938469,4231645,10449281,5451250,4998031,444965,264175,180790,4445706,3534803,910903,4140805,1698374,2442431,1046449,386411,660038,2271712,855898,1415814,134724,47712,87012,687920,408353,279567,3521064,1442501,2078563,868588,314626,553962,1977391,746396,1230995,102358,36900,65458,572727,344579,228148,619741,255873,363868,177861,71785,106076,294321,109502,184819,32366,10812,21554,115193,63774,51419,30905203,13651963,17253240,1
0,0,0,0,855556,3673917,1874376,1799541,458014,234008,224006,654918,334370,320548,1166813,588327,578486,2804783,1501369,1303414,869134,373007,496127,1469521,1045326,424195,1077019,887881,189138,246707,210117,36590,201863,156850,45013,19296,12814,6482,609153,508100,101053,392502,157445,235057,49240,18751,30489,151755,57256,94499,22200,4671,17529,169307,76767,92540,298562,126729,171833,40681,15605,25076,125005,47995,77010,16244,3405,12839,116632,59724,56908,93940,30716,63224,8559,3146,5413,26750,9261,17489,5956,1266,4690,52675,17043,35632,2204396,829050,1375346,1
0,0,0,0,3435999,16787941,8987326,7800615,2012454,1075440,937014,2812309,1488800,1323509,0,0,0,12737767,7194856,5542911,4050174,1792470,2257704,5587049,4762026,825023,5307329,4562710,744619,27759,24225,3534,31474,25632,5842,169126,146069,23057,5078970,4366784,712186,279720,199316,80404,5639,3233,2406,8001,5720,2281,12726,6689,6037,253354,183674,69680,235250,166929,68321,5267,3011,2256,6430,4578,1852,10127,5468,4659,213426,153872,59554,44470,32387,12083,372,222,150,1571,1142,429,2599,1221,1378,39928,29802,10126,11200892,4225300,6975592,1
0,0,0,0,4729369,25055073,12776486,12278587,4367507,2231494,2136013,3152863,1612513,1540350,7868150,3928323,3939827,12643078,7682731,4960347,12411995,5093755,7318240,10777152,6484142,4293010,4886840,3563422,1323418,1966656,1415112,551544,1197462,796592,400870,193078,101012,92066,1529644,1250706,278938,5890312,2920720,2969592,1785958,832633,953325,3141840,1480047,1661793,186276,72399,113877,776238,535641,240597,4630514,2415831,2214683,1392182,680304,711878,2478027,1230214,1247813,140149,57300,82849,620156,448013,172143,1259798,504889,754909,393776,152329,241447,663813,249833,413980,46127,15099,31028,156082,87628,68454,14277921,6292344,7985577,1
0,0,0,0,6406471,31205576,15939443,15266133,4638130,2363485,2274645,2231321,1145314,1086007,3884371,1957005,1927366,19177977,10568639,8609338,12027599,5370804,6656795,11969690,8541560,3428130,8687123,7034642,1652481,3138554,2698384,440170,903294,705306,197988,242071,146566,95505,4403204,3484386,918818,3282567,1506918,1775649,923073,401379,521694,942052,423904,518148,249250,59178,190072,1168192,622457,545735,2697230,1251614,1445616,745491,328113,417378,772239,351027,421212,195248,46412,148836,984252,526062,458190,585337,255304,330033,177582,73266,104316,169813,72877,96936,54002,12766,41236,183940,96395,87545,19235886,7397883,11838003,1
0,0,0,0,8089987,34970562,17586203,17384359,4525870,2325832,2200038,6218642,3127719,3090923,8994967,4428522,4566445,21377915,12154552,9223363,13592647,5431651,8160996,15103714,9941574,5162140,8623947,7045991,1577956,3219409,2869857,349552,2355909,1697973,657936,345719,238211,107508,2702910,2239950,462960,6479767,2895583,3584184,810942,442804,368138,4263034,1706770,2556264,313572,109696,203876,1092219,636313,455906,5294257,2426755,2867502,655568,372777,282791,3531011,1444381,2086630,243733,87888,155845,863945,521709,342236,1185510,468828,716682,155374,70027,85347,732023,262389,469634,69839,21808,48031,228274,114604,113670,19866848,7644629,12222219,1
0,0,0,0,6788201,28219075,14198905,14020170,2990780,1545662,1445118,3031745,1495573,1536172,685944,348470,337474,20205695,10855643,9350052,8013380,3343262,4670118,10370599,7687406,2683193,8894410,6874164,2020246,185476,145003,40473,663060,385556,277504,422700,237308,185392,7623174,6106297,1516877,1476189,813242,662947,38158,19525,18633,202077,87600,114477,102881,39359,63522,1133073,666758,466315,1301921,715357,586564,36944,18778,18166,173804,75786,98018,82695,30656,52039,1008478,590137,418341,174268,97885,76383,1214,747,467,28273,11814,16459,20186,8703,11483,124595,76621,47974,17848476,6511499,11336977,1
0,0,0,0,13813165,62183113,31844945,30338168,7820710,3992655,3828055,17095107,8764294,8330813,4855115,2428057,2427058,39213779,21848197,17365582,22969334,9996748,12972586,24082481,18211180,5871301,16489485,14019915,2469570,4081481,3830056,251425,5640355,4744931,895424,875091,470280,404811,5892558,4974648,917910,7592996,4191265,3401731,871062,538226,332836,4203461,2427668,1775793,731437,176962,554475,1787036,1048409,738627,5825830,3317706,2508124,661134,421969,239165,3209279,1916691,1292588,544103,135360,408743,1411314,843686,567628,1767166,873559,893607,209928,116257,93671,994182,510977,483205,187334,41602,145732,375722,204723,170999,38100632,13633765,24466867,1
0,0,0,0,3043756,16509359,8774006,7735353,2285112,1245090,1040022,3720109,1973294,1746815,0,0,0,10158442,6140099,4018343,6350917,2633907,3717010,6003112,4392214,1610898,4435805,3672588,763217,1893233,1571194,322039,808001,647625,160376,89013,64257,24756,1645558,1389512,256046,1567307,719626,847681,505364,150038,355326,597955,296275,301680,44980,17943,27037,419008,255370,163638,1229441,579576,649865,374539,106772,267767,472444,245743,226701,35300,14195,21105,347158,212866,134292,337866,140050,197816,130825,43266,87559,125511,50532,74979,9680,3748,5932,71850,42504,29346,10506247,4381792,6124455,1
0,0,0,0,15093256,72626809,37612306,35014503,10809395,5636172,5173223,11342320,5908638,5433682,15316784,7719404,7597380,42851169,25174328,17676841,29775640,12437978,17337662,31574133,20146970,11427163,22702119,16362065,6340054,8214993,6038749,2176244,6630821,4027711,2603110,647565,396320,251245,7208740,5899285,1309455,8872014,3784905,5087109,1629446,552315,1077131,5561446,2282946,3278500,311694,114728,196966,1369428,834916,534512,7309526,3146582,4162944,1292775,425808,866967,4670315,1945081,2725234,243053,89797,153256,1103383,685896,417487,1562488,638323,924165,336671,126507,210164,891131,337865,553266,68641,24931,43710,266045,149020,117025,41052676,17465336,23587340,1
0,0,0,0,13357027,61095297,30966657,30128640,7161033,3675291,3485742,10474992,5264545,5210447,4248987,2134754,2114233,40647322,22508471,18138851,20447975,8458186,11989789,27872597,18270116,9602481,23397181,16349837,7047344,6038309,4568505,1469804,5119921,2609098,2510823,695841,353513,342328,11543110,8818721,2724389,4475416,1920279,2555137,542340,185203,357137,2036042,674181,1361861,217386,85470,131916,1679648,975425,704223,3931647,1668094,2263553,474719,159098,315621,1872930,615496,1257434,173605,67193,106412,1410393,826307,584086,543769,252185,291584,67621,26105,41516,163112,58685,104427,43781,18277,25504,269255,149118,120137,33222700,12696541,20526159,1
0,0,0,0,396002,1978502,1024649,953853,291071,149785,141286,0,0,0,1710973,866027,844946,1342434,723957,618477,636068,300692,335376,974122,547357,426765,741179,442204,298975,420379,208221,212158,22571,12899,9672,9525,4731,4794,288704,216353,72351,232943,105153,127790,117323,51233,66090,40391,18958,21433,13313,4752,8561,61916,30210,31706,141978,61126,80852,65525,26077,39448,22788,10209,12579,8339,2750,5589,45326,22090,23236,90965,44027,46938,51798,25156,26642,17603,8749,8854,4974,2002,2972,16590,8120,8470,1004380,477292,527088,1
0,0,0,0,12248428,60439692,31491260,28948432,7777262,4115384,3661878,4074447,2110331,1964116,8917174,4501389,4415785,41093358,23474873,17618485,19346334,8016387,11329947,24767747,18000914,6766833,20365374,16567695,3797679,4746956,4075047,671909,4491751,3008961,1482790,252213,182101,70112,10874454,9301586,1572868,4402373,1433219,2969154,700544,169402,531142,2347664,640630,1707034,91786,28460,63326,1262379,594727,667652,3930530,1249781,2680749,615442,142388,473054,2111998,561858,1550140,77737,23957,53780,1125353,521578,603775,471843,183438,288405,85102,27014,58088,235666,78772,156894,14049,4503,9546,137026,73149,63877,35671945,13490346,22181599,1
0,0,0,0,616582,2712464,1387173,1325291,365309,186400,178909,437993,224498,213495,1117566,563908,553658,1992773,1081503,911270,719691,305670,414021,1116076,767767,348309,776583,637023,139560,237861,201981,35880,191928,148647,43281,14424,9389,5035,332370,277006,55364,339493,130744,208749,47868,17970,29898,146994,54711,92283,18871,3748,15123,125760,54315,71445,258529,104727,153802,39459,14917,24542,121257,45946,75311,13835,2723,11112,83978,41141,42837,80964,26017,54947,8409,3053,5356,25737,8765,16972,5036,1025,4011,41782,13174,28608,1596388,619406,976982,1
0,0,0,0,385520,2021640,1026884,994756,273946,142443,131503,47849,24275,23574,1055808,533856,521952,1282859,710134,572725,738781,316750,422031,959161,534085,425076,713482,442482,271000,428481,252929,175552,36208,19135,17073,28407,8467,19940,220386,161951,58435,245679,91603,154076,95056,40279,54777,54436,16662,37774,29111,4228,24883,67076,30434,36642,192573,71800,120773,72480,30420,42060,40949,12224,28725,22510,3184,19326,56634,25972,30662,53106,19803,33303,22576,9859,12717,13487,4438,9049,6601,1044,5557,10442,4462,5980,1062479,492799,569680,1
0,0,0,0,1547833,7003656,3625933,3377723,747324,390665,356659,969821,490089,479732,595789,299210,296579,5364680,2935129,2429551,1638976,690804,948172,2437875,1961081,476794,2083596,1748422,335174,60360,54680,5680,64631,48858,15773,95767,76965,18802,1862838,1567919,294919,354279,212659,141620,13278,8009,5269,56419,28235,28184,28022,14343,13679,256560,162072,94488,302886,183871,119015,11973,7255,4718,45360,23928,21432,22446,11774,10672,223107,140914,82193,51393,28788,22605,1305,754,551,11059,4307,6752,5576,2569,3007,33453,21158,12295,4565781,1664852,2900929,1
0,0,0,0,1813768,8842103,4720728,4121375,1095609,598019,497590,1393506,736362,657144,0,0,0,6440546,3653968,2786578,2401557,1066760,1334797,2913396,2414422,498974,2579478,2188012,391466,70078,61589,8489,83272,70819,12453,112362,95409,16953,2313766,1960195,353571,333918,226410,107508,12126,6301,5825,38905,26522,12383,15925,8924,7001,266962,184663,82299,281085,189484,91601,10139,5389,4750,31691,22047,9644,12722,7171,5551,226533,154877,71656,52833,36926,15907,1987,912,1075,7214,4475,2739,3203,1753,1450,40429,29786,10643,5928707,2306306,3622401,1
0,0,0,0,5513071,27743338,14639465,13103873,3076219,1665994,1410225,8860179,4639875,4220304,0,0,0,18707137,10436056,8271081,9036201,4203409,4832792,9897362,8074157,1823205,8450936,7264631,1186305,1803860,1691777,112083,1168021,1013979,154042,300660,215971,84689,5178395,4342904,835491,1446426,809526,636900,130651,61582,69069,420434,225466,194968,85300,33323,51977,810041,489155,320886,1150415,661526,488889,98849,50454,48395,309258,178294,130964,65487,25262,40225,676821,407516,269305,296011,148000,148011,31802,11128,20674,111176,47172,64004,19813,8061,11752,133220,81639,51581,17845976,6565308,11280668,1
0,0,0,0,207432,852753,417604,435149,88344,44729,43615,85900,41719,44181,0,0,0,676427,346888,329539,176326,70716,105610,297092,227226,69866,277501,215341,62160,2749,2427,322,8173,6332,1841,4343,2387,1956,262236,204195,58041,19591,11885,7706,353,207,146,1959,1065,894,846,278,568,16433,10335,6098,15861,9705,6156,305,174,131,1397,784,613,631,214,417,13528,8533,4995,3730,2180,1550,48,33,15,562,281,281,215,64,151,2905,1802,1103,555661,190378,365283,1
0,0,0,0,11080278,52557404,27149388,25408016,8325731,4329993,3995738,8268002,4311490,3956512,14276874,7187769,7089105,28281986,17054982,11227004,24275418,10094406,14181012,24715198,14741977,9973221,16729558,11488183,5241375,7885302,5765124,2120178,6303841,3807102,2496739,348081,198997,149084,2192334,1716960,475374,7985640,3253794,4731846,1588509,535311,1053198,5387362,2202565,3184797,248091,87348,160743,761678,428570,333108,6563542,2695259,3868283,1257790,410936,846854,4525061,1876356,2648705,190853,66946,123907,589838,341021,248817,1422098,558535,863563,330719,124375,206344,862301,326209,536092,57238,20402,36836,171840,87549,84291,27842206,12407411,15434795,1
0,0,0,0,7853754,33406061,16027412,17378649,3472955,1768244,1704711,3039573,1477808,1561765,484839,238203,246636,28135824,13704903,14430921,5270237,2322509,2947728,11619063,8451569,3167494,9329747,7179828,2149919,544932,465546,79386,919136,629092,290044,198281,132111,66170,7667398,5953079,1714319,2289316,1271741,1017575,125321,81360,43961,403714,228903,174811,74741,32504,42237,1685540,928974,756566,1828203,1061697,766506,99718,65980,33738,322129,189591,132538,57615,25818,31797,1348741,780308,568433,461113,210044,251069,25603,15380,10223,81585,39312,42273,17126,6686,10440,336799,148666,188133,21786998,7575843,14211155,1
0,0,0,0,430573,2371439,1194260,1177179,490592,248751,241841,11573,6086,5487,2136891,1070557,1066334,1315154,675636,639518,1056285,518624,537661,973458,561812,411646,730959,455430,275529,404202,239600,164602,111422,68258,43164,10712,5628,5084,204623,141944,62679,242499,106382,136117,82118,33016,49102,80801,34362,46439,8042,2719,5323,71538,36285,35253,190995,83435,107560,64462,25204,39258,63863,27360,36503,5688,1948,3740,56982,28923,28059,51504,22947,28557,17656,7812,9844,16938,7002,9936,2354,771,1583,14556,7362,7194,1397981,632448,765533,1
0,0,0,0,4149641,17471135,8408054,9063081,1823664,927888,895776,1818281,883819,934462,433092,213208,219884,14549320,7132430,7416890,2921815,1275624,1646191,6341957,4507501,1834456,4930191,3743078,1187113,481651,410532,71119,760632,510300,250332,104642,68889,35753,3583266,2753357,829909,1411766,764423,647343,105378,68349,37029,322371,179994,142377,46285,20508,25777,937732,495572,442160,1117029,635147,481882,83091,55059,28032,258394,149475,108919,35622,16378,19244,739922,414235,325687,294737,129276,165461,22287,13290,8997,63977,30519,33458,10663,4130,6533,197810,81337,116473,11129178,3900553,7228625,1
0,0,0,0,40364,160595,95455,65140,22391,11964,10427,4890,2568,2322,27620,13795,13825,124088,78471,45617,36507,16984,19523,73038,63490,9548,68088,60886,7202,1657,1388,269,728,446,282,589,457,132,65114,58595,6519,4950,2604,2346,367,148,219,502,115,387,250,107,143,3831,2234,1597,4409,2249,2160,311,129,182,453,103,350,227,99,128,3418,1918,1500,541,355,186,56,19,37,49,12,37,23,8,15,413,316,97,87557,31965,55592,1
0,0,0,0,4857524,25351462,13494734,11856728,3380721,1843109,1537612,5113615,2709656,2403959,0,0,0,16598988,9794067,6804921,8752474,3700667,5051807,8916508,6806636,2109872,7015283,5860600,1154683,1963311,1632783,330528,891273,718444,172829,201375,159666,41709,3959324,3349707,609617,1901225,946036,955189,517490,156339,361151,636860,322797,314063,60905,26867,34038,685970,440033,245937,1510526,769060,741466,384678,112161,272517,504135,267790,236345,48022,21366,26656,573691,367743,205948,390699,176976,213723,132812,44178,88634,132725,55007,77718,12883,5501,7382,112279,72290,39989,16434954,6688098,9746856,1
0,0,0,0,172339,834154,411702,422452,101411,52041,49370,49479,24588,24891,111614,54423,57191,625617,329724,295893,208537,81978,126559,345449,205323,140126,260681,172653,88028,38287,28233,10054,9401,5399,4002,17517,5542,11975,195476,133479,61997,84768,32670,52098,12207,5668,6539,14873,4836,10037,16321,2633,13688,41367,19533,21834,67658,26784,40874,9528,4363,5165,10341,3520,6821,12879,1996,10883,34910,16905,18005,17110,5886,11224,2679,1305,1374,4532,1316,3216,3442,637,2805,6457,2628,3829,488705,206379,282326,1
0,0,0,0,58530,237093,126287,110806,26415,13370,13045,0,0,0,26715,13837,12878,178025,99960,78065,59068,26327,32741,94469,74670,19799,72366,60411,11955,12706,10564,2142,2562,2241,321,1017,717,300,56081,46889,9192,22103,14259,7844,3479,1800,1679,2058,1373,685,2263,1256,1007,14303,9830,4473,17196,11280,5916,2778,1530,1248,1575,1092,483,1710,978,732,11133,7680,3453,4907,2979,1928,701,270,431,483,281,202,553,278,275,3170,2150,1020,142624,51617,91007,1
0,0,0,0,76458,343709,193760,149949,50895,26431,24464,6186,3339,2847,178564,88844,89720,223230,142521,80709,120479,51239,69240,157161,119293,37868,130299,109125,21174,22707,16486,6221,6184,3119,3065,1566,1151,415,99842,88369,11473,26862,10168,16694,5457,1810,3647,11615,2334,9281,629,218,411,9161,5806,3355,22915,8364,14551,4742,1462,3280,9763,1845,7918,541,185,356,7869,4872,2997,3947,1804,2143,715,348,367,1852,489,1363,88,33,55,1292,934,358,186548,74467,112081,1
0,0,0,0,302450,1247953,612511,635442,132858,67527,65331,196325,95512,100813,0,0,0,957309,497378,459931,290644,115133,175511,444968,332931,112037,399689,306409,93280,10763,9187,1576,50607,33410,17197,6373,3520,2853,331946,260292,71654,45279,26522,18757,1336,846,490,17784,9384,8400,1519,527,992,24640,15765,8875,35827,21411,14416,1082,689,393,13607,7396,6211,1116,392,724,20022,12934,7088,9452,5111,4341,254,157,97,4177,1988,2189,403,135,268,4618,2831,1787,802985,279580,523405,1
0,0,0,0,168612897,833748852,427781058,405967794,121322865,63084449,58238416,153850848,79118287,74732561,94083844,47263733,46820111,482793835,281361374,201432461,350955017,146419684,204535333,348743092,226837013,121906079,245868421,178095330,67773091,92838752,70518883,22319869,80960135,51639997,29320138,7245894,4171000,3074894,64823640,51765450,13058190,102874671,48741683,54132988,22245886,9376425,12869461,56038173,26292225,29745948,4703586,1693786,3009800,19887026,11379247,8507779,83052011,40044579,43007432,17314593,7329916,9984677,46105181,22000055,24105126,3548611,1307709,2240902,16083626,9406899,6676727,19822660,8697104,11125556,4931293,2046509,2884784,9932992,4292170,5640822,1154975,386077,768898,3803400,1972348,1831052,485005760,200944045,284061715,0
0,0,0,0,6254781,32988134,16930315,16057819,5389495,2767147,2622348,3985644,2043458,1942186,8645042,4315407,4329635,18328069,10882519,7445550,14660065,6047796,8612269,13098274,8424769,4673505,6818595,5234442,1584153,2001362,1443959,557403,1238774,829585,409189,249048,142652,106396,3329411,2818246,511165,6279679,3190327,3089352,1813470,847223,966247,3197278,1512115,1685163,206114,82823,123291,1062817,748166,314651,4953539,2644953,2308586,1413020,692572,720448,2520760,1256606,1264154,156142,66038,90104,863617,629737,233880,1326140,545374,780766,400450,154651,245799,676518,255509,421009,49972,16785,33187,199200,118429,80771,19889860,8505546,11384314,1
0,0,0,0,222853,1097206,555339,541867,168531,85561,82970,1218,807,411,1036115,516294,519821,848175,438529,409646,249031,116810,132221,486705,290740,195965,415030,263305,151725,202514,121598,80916,26464,16601,9863,5459,3109,2350,180593,121997,58596,71675,27435,44240,27089,7884,19205,15323,5887,9436,2393,785,1608,26870,12879,13991,53724,19626,34098,19136,4954,14182,11554,4196,7358,1831,595,1236,21203,9881,11322,17951,7809,10142,7953,2930,5023,3769,1691,2078,562,190,372,5667,2998,2669,610501,264599,345902,1
0,0,0,0,36021,143488,76584,66904,14463,7400,7063,0,0,0,1815,894,921,116256,64417,51839,27232,12167,15065,58066,46219,11847,53544,43208,10336,291,252,39,118,99,19,373,252,121,52762,42605,10157,4522,3011,1511,91,47,44,43,31,12,74,37,37,4314,2896,1418,3903,2576,1327,86,44,42,39,29,10,68,33,35,3710,2470,1240,619,435,184,5,3,2,4,2,2,6,4,2,604,426,178,85422,30365,55057,1
0,0,0,0,2710,14141,7243,6898,1815,950,865,0,0,0,13463,6752,6711,11288,5949,5339,2853,1294,1559,4653,3787,866,2225,1878,347,0,0,0,0,0,0,20,9,11,2205,1869,336,2428,1909,519,0,0,0,0,0,0,73,17,56,2355,1892,463,1921,1543,378,0,0,0,0,0,0,60,11,49,1861,1532,329,507,366,141,0,0,0,0,0,0,13,6,7,494,360,134,9488,3456,6032,1
0,0,0,0,25685942,155317278,80992995,74324283,25040583,13135595,11904988,35685227,18663920,17021307,1031076,526315,504761,85284680,51793688,33490992,70032598,29199307,40833291,51950980,38352879,13598101,33538817,27812347,5726470,15103331,13299811,1803520,9094209,7205459,1888750,1485130,962736,522394,7856147,6344341,1511806,18412163,10540532,7871631,3397651,1730473,1667178,9816370,5752374,4063996,1202720,532160,670560,3995422,2525525,1469897,14491868,8531773,5960095,2584473,1355428,1229045,7740137,4685254,3054883,890292,403454,486838,3276966,2087637,1189329,3920295,2008759,1911536,813178,375045,438133,2076233,1067120,1009113,312428,128706,183722,718456,437888,280568,103366298,42640116,60726182,1
0,0,0,0,270577,1383727,713912,669815,212188,107624,104564,0,0,0,951821,468390,483431,766005,439868,326137,617722,274044,343678,587657,350273,237384,478721,301109,177612,248120,130008,118112,20259,11921,8338,4728,2772,1956,205614,156408,49206,108936,49164,59772,54603,22855,31748,15912,6456,9456,3637,1376,2261,34784,18477,16307,89305,40342,48963,43835,18493,25342,12948,5097,7851,2614,983,1631,29908,15769,14139,19631,8822,10809,10768,4362,6406,2964,1359,1605,1023,393,630,4876,2708,2168,796070,363639,432431,1
0,0,0,0,6567150,29093002,14964082,14128920,2760756,1417741,1343015,4368163,2239010,2129153,441838,221917,219921,22324502,11970613,10353889,6768500,2993469,3775031,10673874,8504867,2169007,9197145,7658364,1538781,122286,110343,11943,229143,198155,30988,643037,398759,244278,8202679,6951107,1251572,1476729,846503,630226,41859,21416,20443,115883,82060,33823,214559,68682,145877,1104428,674345,430083,1222464,698161,524303,37072,18495,18577,91338,65794,25544,170369,55070,115299,923685,558802,364883,254265,148342,105923,4787,2921,1866,24545,16266,8279,44190,13612,30578,180743,115543,65200,18419128,6459215,11959913,1
0,0,0,0,21022588,84580777,42442146,42138631,9142802,4714950,4427852,13878078,6913047,6965031,5918073,2969362,2948711,50556760,28251243,22305517,34024017,14190903,19833114,39422906,24185595,15237311,33037378,21460081,11577297,6087607,4183319,1904288,13201989,6787204,6414785,1164314,549534,614780,12583468,9940024,2643444,6385528,2725514,3660014,403915,173985,229930,3765765,1342818,2422947,274823,93558,181265,1941025,1115153,825872,5547424,2378533,3168891,348104,148236,199868,3285579,1178463,2107116,221173,74105,147068,1692568,977729,714839,838104,346981,491123,55811,25749,30062,480186,164355,315831,53650,19453,34197,248457,137424,111033,45157871,18256551,26901320,1
0,0,0,0,1425086,7036954,3519042,3517912,990776,521792,468984,1496665,761103,735562,264819,134691,130128,4614050,2596171,2017879,2422904,922871,1500033,2885533,1726674,1158859,1997332,1322523,674809,1027923,532558,495365,225529,177948,47581,46685,30064,16621,697195,581953,115242,888201,404151,484050,530707,188063,342644,147312,83961,63351,30255,11832,18423,179927,120295,59632,658831,306695,352136,379911,132488,247423,113491,67896,45595,22695,8966,13729,142734,97345,45389,229370,97456,131914,150796,55575,95221,33821,16065,17756,7560,2866,4694,37193,22950,14243,4151421,1792368,2359053,1
0,0,0,0,70367,317369,167901,149468,39899,20383,19516,0,0,0,161975,77765,84210,230103,130478,99625,87266,37423,49843,117342,85483,31859,101333,77180,24153,3483,2083,1400,1483,924,559,1357,843,514,95010,73330,21680,16009,8303,7706,1103,513,590,1130,591,539,972,365,607,12804,6834,5970,14206,7267,6939,936,443,493,902,458,444,839,303,536,11529,6063,5466,1803,1036,767,167,70,97,228,133,95,133,62,71,1275,771,504,200027,82418,117609,1
0,0,0,0,79574,419042,226321,192721,56716,31259,25457,82183,43818,38365,0,0,0,296600,174327,122273,122442,51994,70448,130227,111500,18727,118510,103568,14942,11842,10357,1485,6123,4835,1288,2660,2094,566,97885,86282,11603,11717,7932,3785,1772,923,849,2405,1638,767,624,264,360,6916,5107,1809,9599,6426,3173,1611,843,768,1850,1255,595,537,224,313,5601,4104,1497,2118,1506,612,161,80,81,555,383,172,87,40,47,1315,1003,312,288815,114821,173994,1
0,0,0,0,12744,60396,32395,28001,7438,3849,3589,2167,1108,1059,7617,3843,3774,43089,25529,17560,17307,6866,10441,23303,18862,4441,21435,18131,3304,1053,777,276,321,134,187,119,94,25,19942,17126,2816,1868,731,1137,601,161,440,230,59,171,213,18,195,824,493,331,1499,561,938,533,144,389,189,50,139,153,13,140,624,354,270,369,170,199,68,17,51,41,9,32,60,5,55,200,139,61,37093,13533,23560,1
0,0,0,0,548059,2966889,1491832,1475057,568536,288646,279890,17355,9157,8198,2555861,1269728,1286133,1785005,913879,871126,1181884,577953,603931,1185619,703709,481910,921575,585520,336055,411270,243805,167465,114642,70460,44182,11969,6459,5510,383694,264796,118898,264044,118189,145855,83405,33525,49880,83722,35882,47840,8519,2941,5578,88398,45841,42557,209361,93536,115825,65580,25635,39945,66049,28469,37580,6048,2113,3935,71684,37319,34365,54683,24653,30030,17825,7890,9935,17673,7413,10260,2471,828,1643,16714,8522,8192,1781270,788123,993147,1
0,0,0,0,18524982,72147030,36137975,36009055,7423832,3820276,3603556,14438445,7204687,7233758,794697,401068,393629,51837507,28040491,23797016,20309523,8097484,12212039,32884681,21434978,11449703,27942181,18961194,8980987,3855375,2512165,1343210,7234101,3808523,3425578,1119458,514637,604821,15733247,12125869,3607378,4942500,2473784,2468716,393082,220314,172768,2372446,1034184,1338262,245435,76495,168940,1931537,1142791,788746,4219345,2137221,2082124,348147,196962,151185,2040284,903104,1137180,187272,59371,127901,1643642,977784,665858,723155,336563,386592,44935,23352,21583,332162,131080,201082,58163,17124,41039,287895,165007,122888,39262349,14702997,24559352,1
0,0,0,0,7140,28991,17150,11841,4270,2282,1988,4974,2776,2198,0,0,0,19961,12752,7209,9030,4398,4632,12350,10664,1686,11683,10356,1327,401,378,23,138,113,25,105,74,31,11039,9791,1248,667,308,359,56,28,28,30,9,21,12,4,8,569,267,302,470,209,261,48,23,25,16,8,8,9,3,6,397,175,222,197,99,98,8,5,3,14,1,13,3,1,2,172,92,80,16641,6486,10155,1
0,0,0,0,8996487,34917440,17458910,17458530,3512530,1799726,1712804,4962970,2468684,2494286,134417,67890,66527,27335312,14374652,12960660,7582128,3084258,4497870,14023351,10220443,3802908,12603065,9408720,3194345,329001,235294,93707,981158,567976,413182,563839,271914,291925,10729067,8333536,2395531,1420286,811723,608563,33799,20874,12925,217288,112532,104756,99357,30015,69342,1069842,648302,421540,1208571,692356,516215,31109,19115,11994,181335,95326,86009,75642,22950,52692,920485,554965,365520,211715,119367,92348,2690,1759,931,35953,17206,18747,23715,7065,16650,149357,93337,56020,20894089,7238467,13655622,1
0,0,0,0,94551,380581,202871,177710,40878,20770,20108,0,0,0,28530,14731,13799,294281,164377,129904,86300,38494,47806,152535,120889,31646,125910,103619,22291,12997,10816,2181,2680,2340,340,1390,969,421,108843,89494,19349,26625,17270,9355,3570,1847,1723,2101,1404,697,2337,1293,1044,18617,12726,5891,21099,13856,7243,2864,1574,1290,1614,1121,493,1778,1011,767,14843,10150,4693,5526,3414,2112,706,273,433,487,283,204,559,282,277,3774,2576,1198,228046,81982,146064,1
0,0,0,0,3358113,17344192,9093476,8250716,1945502,1055297,890205,6496986,3396329,3100657,0,0,0,10997657,6158807,4838850,6346535,2934669,3411866,6179199,4995819,1183380,5107024,4417839,689185,1719356,1613978,105378,1078849,936572,142277,172769,114354,58415,2136050,1752935,383115,1072175,577980,494195,120645,55660,64985,395883,209593,186290,62482,22875,39607,493165,289852,203313,822598,461224,361374,89333,44854,44479,289772,165371,124401,46964,16882,30082,396529,234117,162412,249577,116756,132821,31312,10806,20506,106111,44222,61889,15518,5993,9525,96636,55735,40901,11164993,4097657,7067336,1
0,0,0,0,118511,570966,299177,271789,73589,37302,36287,0,0,0,404135,200676,203459,445771,239936,205835,125195,59241,65954,213762,143445,70317,173505,125820,47685,11856,5578,6278,2601,1639,962,2937,1676,1261,156111,116927,39184,40257,17625,22632,9063,3317,5746,4684,2085,2599,3642,1145,2497,22868,11078,11790,30660,13416,17244,6177,2089,4088,3409,1473,1936,2740,906,1834,18334,8948,9386,9597,4209,5388,2886,1228,1658,1275,612,663,902,239,663,4534,2130,2404,357204,155732,201472,1
0,0,0,0,117041,571771,286204,285567,75147,38072,37075,920,598,322,528648,258307,270341,484841,243129,241712,86930,43075,43855,234323,145649,88674,197206,128417,68789,32240,19689,12551,14016,9029,4987,3903,2110,1793,147047,97589,49458,37117,17232,19885,5169,1980,3189,8686,3904,4782,1447,539,908,21815,10809,11006,28581,12881,15700,3841,1424,2417,6431,2772,3659,1155,441,714,17154,8244,8910,8536,4351,4185,1328,556,772,2255,1132,1123,292,98,194,4661,2565,2096,337448,140555,196893,1
0,0,0,0,4365568,19607961,9797426,9810535,2924941,1479586,1445355,2511949,1258559,1253390,7231082,3577134,3653948,11008956,6403012,4605944,8599005,3394414,5204591,10063114,5522258,4540856,6365271,4114031,2251240,2957171,1998073,959098,2392521,1324306,1068215,79777,51647,28130,935802,740005,195797,3697843,1408227,2289616,943894,356557,587337,2502299,918942,1583357,42279,17554,24725,209371,115174,94197,2983202,1151107,1832095,739862,277855,462007,2065242,774024,1291218,32239,13458,18781,145859,85770,60089,714641,257120,457521,204032,78702,125330,437057,144918,292139,10040,4096,5944,63512,29404,34108,9544847,4275168,5269679,1
0,0,0,0,24421519,112374333,58243056,54131277,13326517,7035391,6291126,13275898,6767759,6508139,10510213,5315025,5195188,81554290,45257584,36296706,30820043,12985472,17834571,49427878,32616875,16811003,43762890,29989314,13773576,11478075,7181136,4296939,11068928,5846810,5222118,991310,606540,384770,20224577,16354828,3869749,5664988,2627561,3037427,1091298,411177,680121,2417212,927728,1489484,234116,84215,149901,1922362,1204441,717921,4828248,2239979,2588269,910274,337726,572548,2102263,808648,1293615,179677,65772,113905,1636034,1027833,608201,836740,387582,449158,181024,73451,107573,314949,119080,195869,54439,18443,35996,286328,176608,109720,62946455,25626181,37320274,1
0,0,0,0,985594,4398542,2260454,2138088,450807,231899,218908,405560,206650,198910,218966,109679,109287,3492541,1862446,1630095,906001,398008,507993,1601407,1283708,317699,1376108,1154468,221640,31555,27805,3750,17733,14250,3483,36394,24786,11608,1290426,1087627,202799,225299,129240,96059,11165,5736,5429,13538,7787,5751,20711,6741,13970,179885,108976,70909,195111,111309,83802,9938,5112,4826,10942,6361,4581,15927,5160,10767,158304,94676,63628,30188,17931,12257,1227,624,603,2596,1426,1170,4784,1581,3203,21581,14300,7281,2797135,976746,1820389,1
0,0,0,0,7762093,44495063,23487515,21007548,5750748,3049986,2700762,5672381,3013055,2659326,103197,54768,48429,29112875,16441276,12671599,15382188,7046239,8335949,13863735,11493883,2369852,11096675,9607952,1488723,473084,427618,45466,655706,572118,83588,924306,706735,217571,9043579,7901481,1142098,2767060,1885931,881129,83822,53631,30191,372938,273491,99447,286434,152505,133929,2023866,1406304,617562,2393281,1625031,768250,75325,48282,27043,307291,229097,78194,231901,124813,107088,1778764,1222839,555925,373779,260900,112879,8497,5349,3148,65647,44394,21253,54533,27692,26841,245102,183465,61637,30631328,11993632,18637696,1
0,0,0,0,33448035,199812341,104480510,95331831,30791331,16185581,14605750,41357608,21676975,19680633,1134273,581083,553190,114397555,68234964,46162591,85414786,36245546,49169240,65814715,49846762,15967953,44635492,37420299,7215193,15576415,13727429,1848986,9749915,7777577,1972338,2409436,1669471,739965,16899726,14245822,2653904,21179223,12426463,8752760,3481473,1784104,1697369,10189308,6025865,4163443,1489154,684665,804489,6019288,3931829,2087459,16885149,10156804,6728345,2659798,1403710,1256088,8047428,4914351,3133077,1122193,528267,593926,5055730,3310476,1745254,4294074,2269659,2024415,821675,380394,441281,2141880,1111514,1030366,366961,156398,210563,963558,621353,342205,133997626,54633748,79363878,1
0,0,0,0,2119718,12541302,6640662,5900640,2018905,1084355,934550,924991,486232,438759,1493299,776257,717042,7067233,4264671,2802562,5474069,2375991,3098078,4322713,3195090,1127623,2644149,2305788,338361,566469,486417,80052,159519,143071,16448,78826,58514,20312,1839335,1617786,221549,1678564,889302,789262,678847,279110,399737,388186,271273,116913,93760,32824,60936,517771,306095,211676,1201567,675679,525888,452472,200157,252315,272606,200263,72343,67175,26044,41131,409314,249215,160099,476997,213623,263374,226375,78953,147422,115580,71010,44570,26585,6780,19805,108457,56880,51577,8218589,3445572,4773017,1
0,0,0,0,129006,610577,323070,287507,64111,32761,31350,28275,14454,13821,206360,105261,101099,444952,251269,193683,165625,71801,93824,308138,194358,113780,230397,160513,69884,82707,50586,32121,11582,7145,4437,2888,2056,832,133220,100726,32494,77741,33845,43896,34694,12741,21953,14404,5738,8666,2255,891,1364,26388,14475,11913,54465,23668,30797,22306,7911,14395,10322,4001,6321,1485,582,903,20352,11174,9178,23276,10177,13099,12388,4830,7558,4082,1737,2345,770,309,461,6036,3301,2735,302439,128712,173727,1
0,0,0,0,9494903,51500352,26641747,24858605,8414883,4446599,3968284,9536963,4958563,4578400,8693123,4454816,4238307,26471786,16904589,9567197,25028566,9737158,15291408,24385233,13775469,10609764,16173343,11069837,5103506,9632800,6213533,3419267,2072869,1192814,880055,275153,190152,85001,4192521,3473338,719183,8211890,2705632,5506258,3725233,1136291,2588942,2661048,820329,1840719,171795,57536,114259,1653814,691476,962338,6491836,2104692,4387144,2894339,814497,2079842,2195711,681793,1513918,132127,44586,87541,1269659,563816,705843,1720054,600940,1119114,830894,321794,509100,465337,138536,326801,39668,12950,26718,384155,127660,256495,27115119,12866278,14248841,1
0,0,0,0,16862940,92341436,48073850,44267586,17383701,8971671,8412030,15344215,7964360,7379855,1270851,648535,622316,44812152,27241830,17570322,47529284,20832020,26697264,31359767,22436685,8923082,18723966,14988080,3735886,5261564,4551866,709698,9225709,7113170,2112539,624910,371674,253236,3611783,2951370,660413,12635801,7448605,5187196,1746496,1032098,714398,8606191,5060587,3545604,568291,238523,329768,1714823,1117397,597426,10297303,6292958,4004345,1414144,864809,549335,7043924,4299954,2743970,415888,185028,230860,1423347,943167,480180,2338498,1155647,1182851,332352,167289,165063,1562267,760633,801634,152403,53495,98908,291476,174230,117246,60981669,25637165,35344504,1
0,0,0,0,238974,961453,487203,474250,92705,47608,45097,216925,109872,107053,49247,24419,24828,812010,419866,392144,149443,67337,82106,353445,277559,75886,300436,250858,49578,8846,8136,710,9935,8203,1732,4872,3425,1447,276783,231094,45689,53009,26701,26308,1372,781,591,4761,2545,2216,3329,923,2406,43547,22452,21095,40033,22002,18031,1222,688,534,3748,2049,1699,2409,682,1727,32654,18583,14071,12976,4699,8277,150,93,57,1013,496,517,920,241,679,10893,3869,7024,608008,209644,398364,1
0,0,0,0,35718,153578,80273,73305,14893,7700,7193,7940,3958,3982,39214,19202,20012,123022,67024,55998,30556,13249,17307,64353,46172,18181,56715,41499,15216,596,362,234,428,287,141,733,582,151,54958,40268,14690,7638,4673,2965,273,96,177,678,299,379,363,209,154,6324,4069,2255,6453,3949,2504,226,76,150,507,228,279,283,172,111,5437,3473,1964,1185,724,461,47,20,27,171,71,100,80,37,43,887,596,291,89225,34101,55124,1
0,0,0,0,249501663,1210854977,623270258,587584719,164515253,85752254,78762999,201378372,103535314,97843058,104545716,52547215,51998501,763638812,434763622,328875190,447216165,188506636,258709529,481888868,331939875,149948993,362565571,273209976,89355595,95942413,73067137,22875276,86168706,55255858,30912848,12332802,7540768,4792034,168121650,137346213,30775437,119323297,58729899,60593398,22866367,9695797,13170570,58164984,27486479,30678505,6005366,2235762,3769604,32286580,19311861,12974719,97064448,48589581,48474867,17847735,7610532,10237203,47863565,23005463,24858102,4585018,1744338,2840680,26768130,16229248,10538882,22258849,10140318,12118531,5018632,2085265,2933367,10301419,4481016,5820403,1420348,491424,928924,5518450,3082613,2435837,728966109,291330383,437635726,0
0,0,0,0,36094,183114,98305,84809,28504,14467,14037,1296,771,525,150944,75049,75895,99142,64050,35092,83972,34255,49717,84123,55803,28320,62211,48239,13972,21050,15098,5952,5456,2673,2783,977,694,283,34728,29774,4954,21912,7564,14348,5090,1662,3428,11113,2219,8894,379,111,268,5330,3572,1758,18506,6115,12391,4431,1333,3098,9310,1742,7568,314,86,228,4451,2954,1497,3406,1449,1957,659,329,330,1803,477,1326,65,25,40,879,618,261,98991,42502,56489,1
0,0,0,0,11206781,50818259,26704022,24114237,5637563,2967992,2669571,5781079,2942706,2838373,1504136,774569,729567,40071529,21866109,18205420,10746730,4837913,5908817,18777007,14729804,4047203,17252824,13800617,3452207,307961,242667,65294,619647,395560,224087,546345,342365,203980,15778871,12820025,2958846,1524183,929187,594996,44849,24766,20083,145500,71830,73670,99392,36503,62889,1234442,796088,438354,1307184,797478,509706,41686,23100,18586,124872,62252,62620,77319,28872,48447,1063307,683254,380053,216999,131709,85290,3163,1666,1497,20628,9578,11050,22073,7631,14442,171135,112834,58301,32041252,11974218,20067034,1
0,0,0,0,2154958,10399146,5545989,4853157,1130717,610697,520020,2363193,1243546,1119647,0,0,0,7709480,4277249,3432231,2689666,1268740,1420926,3718163,3078338,639825,3343912,2846792,497120,84504,77799,6705,89172,77407,11765,127891,101617,26274,3042345,2589969,452376,374251,231546,142705,10006,5922,4084,24551,15873,8678,22818,10448,12370,316876,199303,117573,327817,200302,127515,9516,5600,3916,19486,12923,6563,18523,8380,10143,280292,173399,106893,46434,31244,15190,490,322,168,5065,2950,2115,4295,2068,2227,36584,25904,10680,6680983,2467651,4213332,1
0,0,0,0,241173,1055450,580663,474787,119434,63536,55898,199086,106356,92730,0,0,0,805438,465346,340092,250012,115317,134695,404136,328159,75977,385929,317190,68739,2169,1906,263,1396,1166,230,4219,3278,941,378145,310840,67305,18207,10969,7238,409,208,201,291,209,82,580,209,371,16927,10343,6584,15188,9057,6131,386,196,190,246,183,63,422,151,271,14134,8527,5607,3019,1912,1107,23,12,11,45,26,19,158,58,100,2793,1816,977,651314,252504,398810,1
0,0,0,0,557859,2855794,1438586,1417208,375357,194484,180873,97328,48863,48465,1167422,588279,579143,1908476,1039858,868618,947318,398728,548590,1304610,739408,565202,974163,615135,359028,466768,281162,185606,45609,24534,21075,45924,14009,31915,415862,295430,120432,330447,124273,206174,107263,45947,61316,69309,21498,47811,45432,6861,38571,108443,49967,58476,260231,98584,161647,82008,34783,47225,51290,15744,35546,35389,5180,30209,91544,42877,48667,70216,25689,44527,25255,11164,14091,18019,5754,12265,10043,1681,8362,16899,7090,9809,1551184,699178,852006,1
0,0,0,0,4012978,20069405,10462918,9606487,2483664,1306179,1177485,3074318,1597148,1477170,1039910,531635,508275,14569183,8119346,6449837,5500222,2343572,3156650,6858935,5404993,1453942,5972561,4873882,1098679,329691,273625,56066,326980,220609,106371,299484,197323,102161,5016406,4182325,834081,886374,531111,355263,40937,17004,23933,174084,80381,93703,63603,27380,36223,607750,406346,201404,745984,451323,294661,34985,14872,20113,145254,68725,76529,52200,22851,29349,513545,344875,168670,140390,79788,60602,5952,2132,3820,28830,11656,17174,11403,4529,6874,94205,61471,32734,13210470,5057925,8152545,1
0,0,0,0,1483280,6864602,3481873,3382729,777898,407459,370439,1729252,876300,852952,392126,196118,196008,5039736,2752590,2287146,1824866,729283,1095583,3559422,2043373,1516049,2062501,1438989,623512,919786,514927,404859,68668,46235,22433,32691,24576,8115,1041356,853251,188105,1496921,604384,892537,1142276,391227,751049,106370,56825,49545,26028,12591,13437,222247,143741,78506,1025060,417179,607881,757017,248341,508676,81001,44651,36350,18352,9632,8720,168690,114555,54135,471861,187205,284656,385259,142886,242373,25369,12174,13195,7676,2959,4717,53557,29186,24371,3305180,1438500,1866680,1
0,0,0,0,2056975,10086292,5137773,4948519,1355814,717199,638615,1892516,968586,923930,291903,148669,143234,6880953,3863708,3017245,3205339,1274065,1931274,3872275,2551921,1320354,2870624,2070760,799864,1045674,545561,500113,247256,196375,50881,77040,54101,22939,1500654,1274723,225931,1001651,481161,520490,534749,189851,344898,156045,90165,65880,37272,15190,22082,273585,185955,87630,756840,373473,383367,383359,134058,249301,120549,73027,47522,28304,11744,16560,224628,154644,69984,244811,107688,137123,151390,55793,95597,35496,17138,18358,8968,3446,5522,48957,31311,17646,6214017,2585852,3628165,1
0,0,0,0,200210,1066358,546011,520347,172289,87241,85048,0,0,0,789846,390625,399221,535902,309390,226512,530456,236621,293835,470315,264790,205525,377388,223929,153459,244637,127925,116712,18776,10997,7779,3371,1929,1442,110604,83078,27526,92927,40861,52066,53500,22342,31158,14782,5865,8917,2665,1011,1654,21980,11643,10337,75099,33075,42024,42899,18050,24849,12046,4639,7407,1775,680,1095,18379,9706,8673,17828,7786,10042,10601,4292,6309,2736,1226,1510,890,331,559,3601,1937,1664,596043,281221,314822,1
0,0,0,0,95018,395200,194907,200293,44514,22798,21716,110425,53793,56632,0,0,0,280882,150490,130392,114318,44417,69901,147876,105705,42171,122188,91068,31120,8014,6760,1254,42434,27078,15356,2030,1133,897,69710,56097,13613,25688,14637,11051,983,639,344,15825,8319,7506,673,249,424,8207,5430,2777,19966,11706,8260,777,515,262,12210,6612,5598,485,178,307,6494,4401,2093,5722,2931,2791,206,124,82,3615,1707,1908,188,71,117,1713,1029,684,247324,89202,158122,1
0,0,0,0,128208,551731,275436,276295,54014,27772,26242,9461,4634,4827,87639,43263,44376,431271,227143,204128,120460,48293,72167,215536,152986,62550,164519,122042,42477,20546,12353,8193,8024,4704,3320,4284,3264,1020,131665,101721,29944,51017,30944,20073,5729,3121,2608,12484,6332,6152,2115,1060,1055,30689,20431,10258,38957,24120,14837,4232,2364,1868,8589,4431,4158,1479,817,662,24657,16508,8149,12060,6824,5236,1497,757,740,3895,1901,1994,636,243,393,6032,3923,2109,336195,122450,213745,1
0,0,0,0,234033,1026459,563513,462946,115164,61254,53910,194112,103580,90532,0,0,0,785477,452594,332883,240982,110919,130063,391786,317495,74291,374246,306834,67412,1768,1528,240,1258,1053,205,4114,3204,910,367106,301049,66057,17540,10661,6879,353,180,173,261,200,61,568,205,363,16358,10076,6282,14718,8848,5870,338,173,165,230,175,55,413,148,265,13737,8352,5385,2822,1813,1009,15,7,8,31,25,6,155,57,98,2621,1724,897,634673,246018,388655,1
0,0,0,0,117486,595450,297572,297878,77944,39895,38049,5782,3071,2711,418970,199171,219799,469851,238243,231608,125599,59329,66270,212161,141897,70264,190616,130090,60526,7068,4205,2863,3220,2202,1018,1257,831,426,179071,122852,56219,21545,11807,9738,1287,509,778,2921,1520,1401,477,222,255,16860,9556,7304,18366,10101,8265,1118,431,687,2186,1109,1077,360,165,195,14702,8396,6306,3179,1706,1473,169,78,91,735,411,324,117,57,60,2158,1160,998,383289,155675,227614,1
0,0,0,0,60956,243247,150301,92946,26934,14144,12790,6124,3151,2973,15363,7771,7592,188406,124643,63763,54841,25658,29183,121271,107434,13837,116435,104614,11821,1649,1300,349,491,272,219,380,295,85,113915,102747,11168,4836,2820,2016,667,192,475,281,90,191,304,37,267,3584,2501,1083,3575,1923,1652,593,169,424,226,72,154,235,30,205,2521,1652,869,1261,897,364,74,23,51,55,18,37,69,7,62,1063,849,214,121976,42867,79109,1
0,0,0,0,6773558,34694609,17799159,16895450,4824903,2521455,2303448,2281573,1176107,1105466,8021848,4042691,3979157,21420842,12467643,8953199,13273767,5331516,7942251,15570092,10171584,5398508,11878120,9141339,2736781,4571337,3919258,652079,4207186,2799674,1407512,116105,88193,27912,2983492,2334214,649278,3691972,1030245,2661727,680120,160255,519865,2274109,611948,1662161,51799,16731,35068,685944,241311,444633,3304468,894380,2410088,596183,133743,462440,2048530,536950,1511580,44673,14189,30484,615082,209498,405584,387504,135865,251639,83937,26512,57425,225579,74998,150581,7126,2542,4584,70862,31813,39049,19124517,7627575,11496942,1
0,0,0,0,93288,456999,242797,214202,49218,25061,24157,20335,10496,9839,167146,86059,81087,321930,184245,137685,135069,58552,76517,243785,148186,95599,173682,119014,54668,82111,50224,31887,11154,6858,4296,2155,1474,681,78262,60458,17804,70103,29172,40931,34421,12645,21776,13726,5439,8287,1892,682,1210,20064,10406,9658,48012,19719,28293,22080,7835,14245,9815,3773,6042,1202,410,792,14915,7701,7214,22091,9453,12638,12341,4810,7531,3911,1666,2245,690,272,418,5149,2705,2444,213214,94611,118603,1
0,0,0,0,170770,688552,371528,317024,65076,34605,30471,122717,64228,58489,17734,9222,8512,568000,314769,253231,120552,56759,63793,270038,207015,63023,240392,191115,49277,5585,4041,1544,2350,1772,578,5189,4110,1079,227268,181192,46076,29646,15900,13746,7895,2159,5736,2409,1487,922,1332,579,753,18010,11675,6335,23508,13017,10491,5174,1383,3791,1966,1213,753,1063,462,601,15305,9959,5346,6138,2883,3255,2721,776,1945,443,274,169,269,117,152,2705,1716,989,418514,164513,254001,1
0,0,0,0,1312510,6176050,3110345,3065705,712822,372854,339968,1606535,812072,794463,374392,186896,187496,4471736,2437821,2033915,1704314,672524,1031790,3289384,1836358,1453026,1822109,1247874,574235,914201,510886,403315,66318,44463,21855,27502,20466,7036,814088,672059,142029,1467275,588484,878791,1134381,389068,745313,103961,55338,48623,24696,12012,12684,204237,132066,72171,1001552,404162,597390,751843,246958,504885,79035,43438,35597,17289,9170,8119,153385,104596,48789,465723,184322,281401,382538,142110,240428,24926,11900,13026,7407,2842,4565,50852,27470,23382,2886666,1273987,1612679,1
0,0,0,0,215403,906814,463704,443110,90597,46688,43909,15988,7993,7995,61636,29685,31951,734216,388680,345536,172598,75024,97574,361712,266550,95162,311534,234925,76609,3516,2513,1003,2734,1828,906,6496,4687,1809,298788,225897,72891,50178,31625,18553,1563,861,702,3518,1952,1566,1813,806,1007,43284,28006,15278,41889,26183,15706,1337,747,590,2516,1366,1150,1464,679,785,36572,23391,13181,8289,5442,2847,226,114,112,1002,586,416,349,127,222,6712,4615,2097,545102,197154,347948,1
0,0,0,0,208667146,1020483097,524582796,495900301,142710738,74309022,68401715,177385380,91209034,86176345,99264321,49879991,49384330,621861782,357322625,264539157,398621314,167260170,231361143,414673805,278881523,135792282,303654155,225193906,78460248,94375613,71780719,22594893,83539299,53430487,30108811,9764813,5839631,3925182,115974429,94143067,21831361,111019650,53687616,57332033,22553133,9534570,13018563,57091320,26883592,30207728,5348197,1962160,3386037,26026998,15307294,10719704,89990646,44275866,45714779,17578592,7468870,10109722,46975892,22497909,24477982,4061815,1523917,2537898,21374345,12785168,8589176,21029004,9411750,11617254,4974541,2065700,2908841,10115428,4385682,5729746,1286381,438242,848139,4652653,2522125,2130527,605809291,245701272,360108019,0
0,0,0,0,246720017,1197886855,616547673,581339181,163029930,84972741,78057188,199743970,102695648,97048322,104185947,52365523,51820423,753980968,429488345,324492623,443905886,187059327,256846558,477310181,328325543,148984638,358552528,269939123,88613404,95835682,72979506,22856176,85989590,55131513,30858077,12157870,7424886,4732984,164569384,134403217,30166167,118757653,58386419,60371234,22845029,9684814,13160215,58091846,27445410,30646435,5960599,2217124,3743475,31860177,19039070,12821107,96582581,48295731,48286849,17829401,7600882,10228519,47803096,22970888,24832208,4549377,1729322,2820054,26400705,15994637,10406068,22175072,10090688,12084384,5015628,2083932,2931696,10288749,4474521,5814227,1411222,487801,923420,5459471,3044432,2415039,720576673,288222130,432354542,0
0,0,0,0,242166702,1176659145,605543375,571115769,160598584,83696746,76901838,197068595,101321187,95747407,103597037,52068110,51528926,738171902,420853167,317318734,438487242,184690208,253797034,469815262,322409189,147406072,351983520,264585018,87398502,95660974,72836062,22824911,85696394,54927973,30768421,11871523,7235198,4636324,158754627,129585783,29168844,117831742,57824171,60007570,22810102,9666836,13143265,57972125,27378184,30593941,5887321,2186615,3700705,31162193,18592534,12569658,95793805,47814723,47979082,17799389,7585085,10214304,47704115,22914293,24789822,4491037,1704744,2786292,25799263,15610600,10188663,22037936,10009447,12028488,5010712,2081750,2928961,10268010,4463891,5804118,1396284,481871,914412,5362929,2981934,2380995,706843882,283134186,423709696,0
0,0,0,0,189545290,931336368,478369749,452966618,132500190,68950423,63549767,166150019,85436924,80713094,96791167,48630992,48160174,555470892,321058804,234412088,375865475,157310944,218554530,383198553,254035529,129163023,276067307,202709096,73358210,93641917,71178320,22463597,82308008,52575709,29732299,8562283,5043028,3519255,91555097,73912038,17643058,107131246,51326433,55804812,22406454,9459072,12947381,56588549,26601274,29987275,5040460,1834038,3206422,23095782,13432048,9663733,86678149,42255854,44422294,17452559,7402533,10050025,46560215,22260234,24299981,3816812,1420699,2396112,18848561,11172386,7676175,20453096,9070578,11382518,4953894,2056538,2897356,10028333,4341039,5687293,1223648,413338,810309,4247220,2259662,1987558,548137814,224334219,323803594,0
0,0,0,0,222203507,1083590063,557297009,526293054,149938784,78102374,71836409,185338891,95295111,90043780,101015067,50764157,50250909,668859890,382993781,285866108,414730172,174303227,240426945,436955135,296470001,140485134,323182883,241110902,82071980,94894996,72207158,22687838,84410929,54035585,30375343,10616083,6403546,4212537,133260873,108464612,24796260,113772252,55359098,58413153,22656968,9588016,13068952,57447232,27083444,30363787,5566044,2052857,3513187,28102006,16634780,11467226,92335562,45705833,46629729,17667811,7515830,10151981,47270149,22666160,24603989,4235253,1596985,2638268,23162347,13926857,9235490,21436689,9653265,11783424,4989157,2072185,2916971,10177083,4417284,5759798,1330790,455871,874918,4939658,2707923,2231735,646634927,260827008,385807919,0
0,0,0,0,224287738,1093306820,562334109,530972711,151051707,78686448,72365259,186563516,95924256,90639260,101284634,50900295,50384339,676096322,386946442,289149879,417210498,175387666,241822832,440385854,299178148,141207706,326189776,243561687,82628089,94974967,72272818,22702149,84545136,54128754,30416382,10747156,6490373,4256782,135922516,110669741,25252774,114196078,55616461,58579616,22672956,9596245,13076710,57502033,27114216,30387816,5599586,2066822,3532764,28421501,16839177,11582324,92696616,45926009,46770606,17681548,7523060,10158487,47315457,22692066,24623391,4261958,1608235,2653722,23437651,14102646,9335005,21499461,9690452,11809009,4991407,2073184,2918223,10186576,4422150,5764425,1337628,458586,879042,4983849,2736531,2247318,652920966,263155960,389765005,0
0,0,0,0,210680557,1029869688,529448739,500420948,143785844,74873249,68912595,178568393,91816801,86751591,99524729,50011503,49513226,628852326,361140977,267711348,401017361,168307761,232709599,417987952,281497650,136490301,306558876,227561415,78997461,94452866,71844148,22608718,83668946,53520490,30148455,9891432,5923508,3967923,118545631,96273268,22272363,111429075,53936234,57492840,22568578,9542520,13026058,57144259,26913318,30230941,5380600,1975650,3404949,26335637,15504745,10830891,90339431,44488561,45850870,17591863,7475855,10116007,47019660,22522935,24496724,4087613,1534785,2552827,21640294,12954984,8685310,21089643,9447673,11641970,4976715,2066664,2910050,10124599,4390382,5734216,1292987,440864,852122,4695342,2549761,2145581,611881735,247951088,363930647,0
0,0,0,0,212835616,1039916646,534657013,505259633,144936587,75477171,69459416,179834633,92467326,87367307,99803456,50152266,49651190,636334670,365227959,271106710,403581976,169429053,234152922,421535256,284297828,137237428,309667952,230095484,79572467,94535555,71912039,22623515,83807714,53616825,30190888,10026958,6013286,4013672,121297723,98553332,22744391,111867303,54202343,57664960,22585109,9551028,13034080,57200922,26945135,30255786,5415282,1990089,3425192,26665989,15716088,10949901,90712754,44716219,45996534,17606067,7483331,10122735,47066507,22549721,24516785,4115225,1546418,2568806,21924954,13136747,8788206,21154549,9486123,11668425,4979042,2067697,2911344,10134414,4395414,5739000,1300057,443671,856385,4741035,2579341,2161694,618381390,250359185,368022205,0
0,0,0,0,183565545,903458599,463918107,439540491,129307170,67274693,62032476,162636522,83631883,79004639,96017767,48240408,47777359,534709280,309718463,224990817,368749319,154199644,214549674,373355681,246265745,127089936,267440409,195677696,71762713,93412477,70989939,22422538,81922962,52308405,29614557,8186231,4793916,3392314,83918737,67585435,16333302,105915272,50588049,55327223,22360584,9435462,12925122,56431323,26512988,29918335,4944225,1793972,3150253,22179138,12845626,9333512,85642272,41624160,44018111,17413146,7381789,10031357,46430226,22185909,24244316,3740195,1388421,2351773,18058704,10668040,7390663,20273000,8963888,11309111,4947438,2053673,2893764,10001097,4327079,5674018,1204030,405550,798479,4120434,2177585,1942849,530102917,217652362,312450555,0
0,0,0,0,171073158,845218675,433726934,411491740,122636577,63773898,58862678,155296415,79860939,75435475,94402045,47424432,46977613,491335839,286027160,205308679,353882835,147699774,206183061,352792770,230033755,122759014,249417808,180988277,68429530,92933151,70596389,22336761,81118555,51749974,29368580,7400614,4273492,3127121,67965487,54368420,13597066,103374962,49045478,54329483,22264758,9386138,12878619,56102860,26328548,29774312,4743180,1710270,3032909,20264163,11620520,8643642,83478204,40304478,43173726,17330808,7338451,9992357,46158662,22030634,24128028,3580133,1320989,2259144,16408599,9614403,6794195,19896757,8740999,11155757,4933949,2047687,2886261,9944197,4297913,5646284,1163046,389281,773765,3855563,2006117,1849446,492425904,203693179,288732725,0
0,0,0,0,231312434,1126056187,579311153,546745033,154802702,80655008,74147693,190690991,98044726,92646265,102193184,51359133,50834051,700485994,400268491,300217503,425570192,179042661,246527530,451948753,308305691,143643062,336324212,251821814,84502398,95244501,72494118,22750383,84997469,54442769,30554699,11188923,6783017,4405905,144893318,118101908,26791409,115624540,56483877,59140663,22726841,9623980,13102860,57686734,27217930,30468803,5712638,2113889,3598749,29498327,17528076,11970250,93913510,46668090,47245420,17727848,7547430,10180418,47468162,22779379,24688782,4351964,1646154,2705809,24365535,14695125,9670410,21711030,9815786,11895243,4998992,2076550,2922442,10218571,4438550,5780021,1360674,467734,892939,5132791,2832950,2299840,674107434,271005462,403101971,0
0,0,0,0,244607807,1188039657,611442954,576596702,161902067,84380827,77521240,198502906,102058058,96444848,103912761,52227558,51685202,746647393,425482623,321164770,441392263,185960330,255431932,473833407,325581040,148252367,355505269,267455439,88049830,95754638,72912964,22841673,85853581,55037094,30816487,12025038,7336893,4688145,161872011,132168486,29703524,118328137,58125601,60202536,22828827,9676474,13152352,58036309,27414225,30622084,5926606,2202971,3723635,31536393,18831929,12704464,96216680,48072599,48144081,17815479,7593554,10221924,47757180,22944634,24812546,4522314,1717921,2804392,26121706,15816488,10305217,22111456,10053002,12058454,5013347,2082920,2930427,10279128,4469590,5809538,1404292,485050,919242,5414687,3015440,2399246,714206249,285861913,428344335,0
0,0,0,0,240994377,1171193726,602710140,568483585,159972595,83368220,76604374,196379776,100967310,95412465,103445413,51991537,51453876,734101601,418629901,315471700,437092125,184080239,253011885,467885573,320885928,146999645,350292222,263206516,87085705,95615992,72799130,22816862,85620906,54875568,30745338,11797798,7186360,4611437,157257524,128345457,28912067,117593351,57679411,59913939,22801109,9662207,13138901,57941301,27360876,30580425,5868454,2178760,3689693,30982486,18477566,12504919,95590722,47690880,47899842,17791663,7581018,10210644,47678631,22899721,24778909,4476016,1698416,2777599,25644412,15511723,10132688,22002628,9988531,12014097,5009446,2081188,2928257,10262670,4461154,5801515,1392438,480344,912093,5338073,2965843,2372230,703308152,281824212,421483940,0
0,0,0,0,216976288,1059220596,544664046,514556549,147147592,76637529,70510063,182267553,93717226,88550326,100338997,50422726,49916270,650711040,373080574,277630465,408509555,171583471,236926083,428350948,289678011,138672936,315641644,234964374,80677269,94694430,72042484,22651946,84074339,53801920,30272419,10287356,6185784,4101571,126585517,102934186,23651331,112709304,54713637,57995667,22616871,9567377,13049494,57309793,27006269,30303523,5481920,2017833,3464086,27300719,16122156,11178562,91430046,45153635,46276411,17633358,7497696,10135662,47156518,22601188,24555330,4168278,1568769,2599509,22471890,13485981,8985909,21279257,9560001,11719255,4983512,2069681,2913831,10153274,4405081,5748193,1313641,449063,864577,4828828,2636175,2192652,630869647,254986034,375883612,0
0,0,0,0,174932393,863210556,443053801,420156755,124697303,64855388,59841914,157563972,81025885,76538086,94901185,47676509,47224676,504735063,293346041,211389021,358475492,149707759,208767733,359145207,235048254,124096953,254985475,185526234,69459240,93081227,70717967,22363260,81367058,51922488,29444569,7643312,4434265,3209046,72893876,58451512,14442363,104159732,49522020,54637712,22294361,9401376,12892985,56204331,26385527,29818804,4805288,1736128,3069160,20855750,11998988,8856762,84146743,40712163,43434579,17356245,7351839,10004405,46242556,22078603,24163952,3629581,1341820,2287760,16918361,9939900,6978460,20012989,8809856,11203132,4938116,2049536,2888579,9961775,4306923,5654851,1175707,394307,781400,3937389,2059088,1878301,504065348,208005546,296059802,0
0,0,0,0,175770946,867119916,445080386,422039530,125145067,65090379,60054687,158056677,81279010,76777666,95009641,47731281,47278359,507646509,294936322,212710186,359473406,150144063,209329343,360525494,236137828,124387666,256195243,186512263,69682980,93113402,70744384,22369018,81421054,51959973,29461080,7696047,4469199,3226848,73964739,59338705,14626033,104330251,49625565,54704685,22300793,9404687,12896106,56226379,26397907,29828472,4818783,1741746,3077036,20984293,12081223,8903069,84292006,40800747,43491259,17361772,7354748,10007023,46260784,22089026,24171758,3640325,1346347,2293977,17029124,10010625,7018498,20038244,8824817,11213426,4939021,2049938,2889083,9965595,4308881,5656713,1178458,395399,783059,3955169,2070598,1884570,506594421,208942558,297651863,0
0,0,0,0,233648851,1136948639,584957725,551990914,156050285,81309752,74740532,192063791,98749995,93313796,102495368,51511743,50983625,708598009,404699410,303898599,428350629,180258314,248092314,455794577,311341515,144453062,339694929,254569135,85125794,95334148,72567722,22766425,85147915,54547211,30600704,11335855,6880351,4455503,147877010,120573850,27303160,116099648,56772379,59327268,22744763,9633205,13111557,57748165,27252425,30495739,5750239,2129543,3620695,29856479,17757204,12099275,94318250,46914907,47403343,17743248,7555536,10187712,47518951,22808420,24710531,4381899,1658766,2723133,24674150,14892184,9781965,21781397,9857472,11923924,5001515,2077669,2923845,10229213,4444005,5785208,1368339,470777,897561,5182329,2865020,2317309,681154061,273616209,407537851,0
0,0,0,0,245843283,1193799489,614428811,579370677,162561778,84727050,77834727,199228830,102430998,96797832,104072553,52308257,51764296,750936955,427825654,323111300,442862534,186603157,256259376,475867045,327186357,148680688,357287675,268908198,88379476,95802042,72951886,22850156,85933136,55092322,30840814,12102734,7388362,4714372,163449761,133475627,29974133,118579370,58278159,60301211,22838304,9681352,13156951,58068794,27432466,30636327,5946490,2211249,3735240,31725781,18953090,12772691,96430703,48203113,48227589,17823622,7597840,10225781,47784038,22959991,24824046,4538144,1724590,2813553,26284898,15920691,10364207,22148666,10075045,12073621,5014681,2083512,2931169,10284756,4472475,5812281,1408345,486659,921686,5440882,3032398,2408484,717932443,287242453,430689989,0
0,0,0,0,223186094,1088170916,559671691,528499224,150463459,78377729,72085729,185916226,95591714,90324512,101142151,50828338,50313813,672271422,384857217,287414204,415899493,174814473,241085019,438572508,297746726,140825782,324600448,242266296,82334151,94932697,72238112,22694585,84474199,54079508,30394691,10677876,6444480,4233396,134515674,109504195,25011479,113972060,55480429,58491630,22664505,9591895,13072610,57473067,27097951,30375115,5581857,2059440,3522416,28252628,16731141,11521487,92505777,45809632,46696144,17674287,7519239,10155048,47291509,22678373,24613136,4247843,1602289,2645554,23292136,14009730,9282405,21466282,9670796,11795486,4990217,2072656,2917561,10181558,4419578,5761979,1334014,457151,876862,4960492,2721410,2239082,649598407,261924965,387673442,0
0,0,0,0,200052523,980321438,503763270,476558168,138110765,71894910,66215855,172323717,88608630,83715086,98150136,49317302,48832833,591951899,340985343,250966555,388369539,162777926,225591612,400493831,267688108,132805722,291225952,215064232,76161720,94045074,71509331,22535743,82984588,53045400,29939188,9223059,5480752,3742307,104973230,85028749,19944481,109267878,52623875,56644002,22487052,9500557,12986495,56864816,26756404,30108411,5209558,1904439,3305118,24706451,14462473,10243977,88498327,43365827,45132499,17521813,7438985,10082828,46788624,22390834,24397790,3951438,1477416,2474022,20236450,12058591,8177858,20769551,9258048,11511502,4965239,2061572,2903667,10076191,4365570,5710621,1258119,427022,831096,4470000,2403882,2066118,579827607,236075161,343752445,0
0,0,0,0,227552574,1108527595,570224452,538303142,152795040,79601367,73193673,188481824,96909777,91572047,101706897,51113547,50593349,687431799,393138070,294293728,421095795,177086382,244009413,445759890,303420315,142339575,330899912,247400708,83499203,95100237,72375670,22724566,84755365,54274697,30480667,10952474,6626384,4326089,140091835,114123955,25967879,114859978,56019606,58840372,22698000,9609135,13088864,57587875,27162419,30425456,5652129,2088697,3563431,28921973,17159353,11762619,93262186,46270902,46991283,17703067,7534387,10168680,47386429,22732646,24653782,4303789,1625859,2677930,23868900,14378010,9490889,21597791,9748703,11849088,4994932,2074748,2920184,10201446,4429772,5771673,1348339,462838,885501,5053072,2781343,2271729,662767704,266804137,395963566,0
0,0,0,0,235648451,1146270842,589790290,556480552,157118017,81870109,75247907,193238689,99353593,93885096,102753989,51642352,51111637,715540601,408491570,307049030,430730241,181298719,249431521,459085990,313939697,145146293,342579726,256920404,85659321,95410872,72630716,22780155,85276673,54636596,30640076,11461605,6963653,4497952,150430575,122689438,27741137,116506264,57019292,59486972,22760101,9641100,13119001,57800741,27281948,30518792,5782419,2142941,3639478,30163001,17953301,12209699,94664643,47126142,47538500,17756427,7562473,10193954,47562419,22833274,24729145,4407520,1669559,2737960,24938275,15060835,9877439,21841621,9893149,11948471,5003674,2078627,2925046,10238321,4448673,5789647,1374899,473382,901517,5224726,2892466,2332260,687184851,275850593,411334258,0
0,0,0,0,220644326,1076321112,553528835,522792276,149106224,77665439,71440785,184422769,94824458,89598311,100813408,50662315,50151093,663446432,380036859,283409572,412874680,173491975,239382704,434388669,294444079,139944590,320933474,239277509,81655964,94835171,72158038,22677132,84310530,53965887,30344643,10518030,6338592,4179438,131269741,106814991,24454750,113455194,55166569,58288625,22645008,9581859,13063148,57406237,27060424,30345812,5540951,2042410,3498541,27862997,16481874,11381123,92065464,45541123,46524341,17657534,7510421,10147113,47236255,22646780,24589475,4215276,1588569,2626707,22956397,13795352,9161045,21389730,9625446,11764283,4987473,2071438,2916034,10169981,4413644,5756336,1325675,453841,871834,4906600,2686522,2220077,641932442,259084756,382847686,0
0,0,0,0,226777217,1104912852,568350595,536562257,152381020,79384085,72996935,188026250,96675728,91350521,101606615,51062902,50543712,684739766,391667636,293072129,420173086,176682958,243490127,444483624,302412853,142070770,329781314,246488989,83292324,95070487,72351244,22719243,84705438,54240037,30465400,10903713,6594083,4309630,139101674,113303623,25798050,114702310,55923864,58778445,22692052,9606074,13085978,57567489,27150971,30416517,5639651,2083502,3556148,28803117,17083315,11719801,93127870,46188995,46938875,17697957,7531697,10166259,47369574,22723009,24646565,4293855,1621673,2672181,23766484,14312614,9453869,21574439,9734869,11839570,4994095,2074377,2919718,10197915,4427962,5769952,1345795,461828,883967,5036633,2770701,2265932,660429227,265937741,394491486,0
0,0,0,0,205603646,1006200960,517179034,489021925,141074913,73450525,67624388,175585370,90284289,85301081,98868099,49679890,49188209,611225343,351512822,259712520,394975617,165666211,229309405,409631176,274900963,134730213,299234484,221591630,77642854,94258068,71684209,22573858,83342034,53293544,30048490,9572156,5712008,3860148,112062224,90901868,21160356,110396692,53309333,57087358,22529634,9522475,13007159,57010772,26838362,30172409,5298895,1941633,3357261,25557390,15006862,10550528,89459953,43952241,45507711,17558400,7458242,10100158,46909296,22459832,24449464,4022563,1507381,2515182,20969691,12526785,8442905,20936738,9357091,11579647,4971233,2064232,2907001,10101475,4378530,5722945,1276331,434252,842078,4587699,2480076,2107622,596569783,242278071,354291711,0
0,0,0,0,238102476,1157711588,595721093,561990494,158428399,82557811,75870588,194680592,100094363,94586229,103071384,51802644,51268740,724060951,413145529,310915422,433650637,182575564,251075072,463125402,317128335,145997067,346120115,259806018,86314097,95505031,72708026,22797005,85434692,54746295,30688396,11615933,7065886,4550047,153564457,125285810,28278647,117005287,57322317,59682969,22778926,9650789,13128136,57865264,27318179,30547085,5821913,2159384,3662529,30539182,18193963,12345218,95089756,47385383,47704372,17772602,7570986,10201615,47615766,22863776,24751989,4438963,1682806,2756156,25262424,15267813,9994610,21915530,9936934,11978596,5006323,2079803,2926520,10249498,4454403,5795095,1382950,476578,906372,5276757,2926149,2350608,694586185,278592758,415993427,0
0,0,0,0,184612939,908341582,466449411,441892170,129866449,67568209,62298240,163251935,83948048,79303887,96153233,48308821,47844412,538345819,311704801,226641017,369995762,154744610,215251152,375079728,247626676,127453052,268951469,196909294,72042175,93452665,71022935,22429730,81990406,52355225,29635180,8252099,4837550,3414549,85256298,68693583,16562714,106128258,50717382,55410876,22368619,9439597,12929021,56458862,26528452,29930410,4961082,1800990,3160091,22339695,12948341,9391353,85823713,41734806,44088907,17420050,7385422,10034627,46452994,22198927,24254066,3753615,1394075,2359539,18197053,10756380,7440672,20304545,8982576,11321969,4948568,2054175,2894393,10005867,4329524,5676343,1207466,406914,800551,4142642,2191961,1950680,533261853,218822735,314439118,0
0,0,0,0,243471353,1182741472,608696412,574045060,161295232,84062354,77232878,197835164,101715008,96120155,103765776,52153328,51612448,742701638,423327385,319374252,440039834,185369026,254670807,471962764,324104388,147858375,353865723,266119117,87746605,95711033,72877163,22833870,85780403,54986293,30794110,11953569,7289549,4664020,160420716,130966112,29454604,118097041,57985271,60111770,22820109,9671987,13148122,58006428,27397446,30608982,5908317,2195357,3712960,31362185,18720479,12641705,96019811,47952545,48067266,17807988,7589611,10218377,47732476,22930509,24801967,4507753,1711787,2795966,25971593,15720637,10250955,22077229,10032725,12044504,5012120,2082375,2929745,10273952,4466937,5807015,1400564,483570,916993,5390591,2999842,2390749,710778707,284592023,426186684,0
0,0,0,0,169673596,838693868,430344520,408349348,121889249,63381693,58507556,154474079,79438469,75035610,94221031,47333015,46888015,486476572,283372947,203103625,352217295,146971572,205245722,350489041,228215233,122273807,247398678,179342574,68056103,92879450,70552298,22327152,81028435,51687412,29341023,7312598,4215187,3097410,66178193,52887675,13290517,103090362,48872659,54217703,22254022,9380612,12873409,56066062,26307885,29758176,4720656,1700892,3019763,20049622,11483267,8566354,83235756,40156630,43079126,17321584,7333595,9987988,46128238,22013238,24114999,3562201,1313434,2248766,16223732,9496360,6727371,19854605,8716028,11138576,4932438,2047017,2885421,9937823,4294646,5643176,1158454,387458,770996,3825889,1986906,1838982,488204827,202129286,286075540,0
0,0,0,0,187035736,919636744,472304745,447331998,131160157,68247160,62912997,164675490,84679392,79996097,96466590,48467073,47999516,546757747,316299538,230458209,372878996,156005207,216873789,379067738,250774739,128292999,272446807,199758188,72688619,93545627,71099261,22446365,82146414,52463528,29682886,8404463,4938482,3465981,88350302,71256916,17093385,106620931,51016551,55604380,22387203,9449163,12938040,56522565,26564222,29958342,5000073,1817223,3182849,22711089,13185941,9525147,86243416,41990747,44252668,17436018,7393827,10042191,46505662,22229041,24276620,3784658,1407153,2377504,18517077,10960724,7556353,20377514,9025803,11351711,4951184,2055335,2895849,10016903,4335180,5681722,1215415,410070,805344,4194011,2225216,1968794,540569005,221530006,319038999,0
0,0,0,0,184686763,908685752,466627827,442057925,129905869,67588897,62316972,163295312,83970333,79324979,96162782,48313643,47849138,538602136,311844806,226757329,370083616,154783021,215300595,375201245,247722599,127478645,269057974,196996101,72061872,93455498,71025261,22430237,81995159,52358525,29636634,8256742,4840625,3416116,85350574,68771689,16578884,106143270,50726498,55416772,22369185,9439889,12929296,56460803,26529541,29931261,4962270,1801485,3160784,22351011,12955581,9395430,85836501,41742604,44093897,17420536,7385678,10034857,46454599,22199845,24254754,3754561,1394474,2360087,18206804,10762606,7444197,20306768,8983893,11322875,4948648,2054210,2894438,10006204,4329696,5676507,1207708,407011,800697,4144207,2192975,1951232,533484507,218905227,314579279,0
0,0,0,0,169059574,835831276,428860572,406970703,121561378,63209623,58351755,154113300,79253120,74860179,94141615,47292909,46848706,484344693,282208479,202136214,351486582,146652093,204834489,349478338,227417403,122060935,246512836,178620564,67892272,92855890,70532954,22322936,80988897,51659964,29328933,7273984,4189608,3084376,65394063,52238036,13156026,102965502,48796839,54168663,22249312,9378188,12871123,56049917,26298819,29751097,4710774,1696778,3013995,19955497,11423051,8532445,83129389,40091765,43037623,17317537,7331465,9986071,46114891,22005606,24109284,3554334,1310120,2244214,16142627,9444572,6698054,19836112,8705073,11131039,4931775,2046723,2885052,9935026,4293212,5641813,1156440,386658,769781,3812870,1978479,1834391,486352937,201443168,284909768,0
0,0,0,0,183539994,903339477,463856355,439483121,129293526,67267533,62025993,162621509,83624170,78997339,96014462,48238739,47775723,534620565,309670005,224950560,368718911,154186350,214532561,373313623,246232545,127081078,267403546,195647650,71755895,93411497,70989134,22422363,81921317,52307262,29614054,8184624,4792852,3391772,83886107,67558401,16327705,105910076,50584894,55325182,22360388,9435361,12925027,56430651,26512610,29918040,4943814,1793801,3150013,22175221,12843120,9332101,85637846,41621461,44016384,17412978,7381700,10031277,46429670,22185591,24244079,3739868,1388283,2351584,18055329,10665885,7389443,20272230,8963432,11308798,4947410,2053660,2893749,10000980,4327019,5673961,1203946,405517,798428,4119892,2177234,1942658,530025854,217623810,312402043,0
0,0,0,0,192324844,944294743,485087281,459207461,133984396,69729349,64255046,167783192,86275959,81507233,97150664,48812546,48338117,565121477,326330116,238791361,379173265,158757164,220416100,387773798,257647145,130126653,280077333,205977489,74099843,93748567,71265884,22482682,82486989,52699960,29787029,8737083,5158822,3578260,95104693,76852822,18251870,107696464,51669655,56026809,22427775,9470046,12957728,56661632,26642311,30019320,5085193,1852662,3232530,23521864,13704634,9817229,87159654,42549483,44610170,17470879,7412176,10058703,46620638,22294782,24325855,3852426,1435703,2416722,19215709,11406820,7808889,20536810,9120171,11416639,4956895,2057870,2899025,10040993,4347528,5693464,1232767,416958,815808,4306154,2297814,2008340,556520944,227440136,329080808,0
0,0,0,0,190533172,935941908,480757229,455184678,133027692,69227261,63800430,166730466,85735126,80995340,96918936,48695518,48223417,558900810,322932283,235968527,377041098,157824946,219216151,384824642,255319135,129505507,277492512,203870717,73621794,93679821,71209441,22470380,82371620,52619869,29751750,8624409,5084182,3540226,92816660,74957223,17859436,107332130,51448417,55883712,22414031,9462972,12951059,56614523,26615859,29998664,5056359,1840657,3215701,23247216,13528928,9718287,86849280,42360213,44489067,17459070,7405960,10053109,46581690,22272513,24309177,3829469,1426032,2403437,18979049,11255706,7723343,20482849,9088204,11394645,4954961,2057011,2897949,10032833,4343345,5689487,1226889,414625,812263,4268166,2273221,1994944,551117265,225438094,325679171,0
0,0,0,0,231000003,1124599623,578556081,546043542,154635873,80567454,74068418,190507417,97950415,92557002,102152775,51338725,50814049,699401237,399675978,299725258,425198385,178880102,246318283,451434480,307899733,143534747,335873472,251454435,84419036,95232513,72484275,22748237,84977351,54428803,30548547,11169275,6770002,4399273,144494331,117771354,26722977,115561008,56445297,59115710,22724444,9622747,13101697,57678519,27213317,30465201,5707610,2111796,3595814,29450434,17497436,11952997,93859388,46635085,47224302,17725789,7546346,10179442,47461370,22775496,24685874,4347960,1644468,2703492,24324267,14668774,9655492,21701620,9810212,11891408,4998654,2076400,2922254,10217148,4437821,5779327,1359649,467328,892321,5126167,2828662,2297504,673165142,270656347,402508795,0
0,0,0,0,243512282,1182932285,608795328,574136957,161317087,84073824,77243263,197859213,101727363,96131849,103771070,52156001,51615068,742843743,423405005,319438737,440088541,185390322,254698219,472030135,324157570,147872565,353924771,266167245,87757526,95712603,72878452,22834151,85783039,54988122,30794916,11956143,7291254,4664888,160472984,131009415,29463569,118105364,57990325,60115039,22820423,9672149,13148274,58007505,27398050,30609454,5908976,2195631,3713344,31368459,18724493,12643965,96026901,47956869,48070032,17808258,7589753,10218504,47733366,22931017,24802348,4508277,1712007,2796269,25976999,15724089,10252910,22078462,10033455,12045006,5012165,2082395,2929769,10274138,4467032,5807105,1400698,483623,917074,5391459,3000403,2391055,710902149,284637758,426264391,0
0,0,0,0,197608747,968928473,497857236,471071237,136805855,71210080,65595775,170887836,87870954,83016882,97834066,49157680,48676386,583467134,336350822,247116311,385461339,161506413,223954925,396471289,264512786,131958502,287700349,212190670,75509679,93951308,71432344,22518963,82827229,52936159,29891069,9069376,5378946,3690429,101852436,82443220,19409215,108770939,52322116,56448823,22468307,9490908,12977398,56800561,26720324,30080237,5170229,1888065,3282163,24331841,14222817,10109023,88074989,43107669,44967320,17505706,7430507,10075198,46735501,22360459,24375042,3920127,1464225,2455901,19913654,11852477,8061177,20695950,9214446,11481503,4962601,2060401,2902199,10065060,4359864,5705195,1250102,423840,826261,4418186,2370339,2047846,572457184,233344449,339112734,0
0,0,0,0,177985402,877443784,450432207,427011576,126327526,65710946,60616580,159357817,81947464,77410352,95296051,47875925,47420126,515335078,299135948,216199130,362108705,151296259,210812446,364170567,239015182,125155385,259390010,189116174,70273835,93198370,70814146,22384223,81563647,52058963,29504683,7835309,4561451,3273857,76792683,61681612,15111070,104780557,49899008,54881549,22317780,9413430,12904350,56284604,26430602,29854002,4854422,1756584,3097837,21323750,12298391,9025359,84675618,41034680,43640938,17376367,7362430,10013936,46308923,22116550,24192372,3668698,1358300,2310397,17321629,10197398,7124231,20104938,8864327,11240611,4941412,2050999,2890413,9975681,4314051,5661629,1185723,398283,787440,4002121,2100993,1901127,513273216,211417024,301856191,0
0,0,0,0,238428268,1159230440,596508456,562721984,158602363,82649109,75953253,194872016,100192706,94679310,103113521,51823924,51289597,725192096,413763379,311428717,434038343,182745076,251293267,463661667,317551653,146110014,346590130,260189106,86401024,95517532,72718289,22799242,85455670,54760859,30694811,11636421,7079458,4556963,153980506,125630499,28350006,117071536,57362546,59708990,22781425,9652076,13129349,57873830,27322989,30550841,5827156,2161567,3665589,30589123,18225913,12363210,95146193,47419799,47726393,17774749,7572116,10202633,47622848,22867826,24755022,4443137,1684564,2758572,25305458,15295291,10010166,21925343,9942746,11982596,5006675,2079959,2926716,10250982,4455163,5795818,1384019,477002,907016,5283665,2930621,2353044,695568772,278956802,416611970,0
0,0,0,0,219030713,1068798393,549629110,519169283,148244599,77213249,71031350,183474664,94337374,89137290,100604709,50556917,50047791,657843983,376976707,280867275,410954410,172652402,238302007,431732604,292347430,139385174,318605536,237380110,81225425,94773258,72107204,22666053,84206627,53893756,30312871,10416554,6271370,4145184,129209096,105107779,24101316,113127068,54967319,58159749,22632630,9575488,13057141,57363810,27036601,30327209,5514983,2031598,3483384,27615644,16323630,11292014,91785936,45370662,46415273,17646899,7504823,10142075,47201178,22626723,24574454,4194601,1579859,2614742,22743257,13659256,9084000,21341132,9596656,11744475,4985731,2070665,2915065,10162631,4409877,5752754,1320381,451739,868641,4872387,2664374,2208013,637065788,257281680,379784108,0
0,0,0,0,195378829,958532523,492468048,466064475,135615140,70585180,65029959,169577611,87197833,82379778,97545656,49012026,48533630,575724883,332121874,243603008,382807640,160346173,222461467,392800766,261615342,131185423,284483277,209568578,74914698,93865747,71362095,22503652,82683640,52836478,29847162,8929141,5286049,3643092,99004747,80083955,18920792,108317488,52046763,56270724,22451201,9482104,12969097,56741930,26687401,30054529,5134342,1873124,3261217,23990013,14004133,9985880,87688698,42872103,44816595,17491008,7422771,10068237,46687026,22332742,24354284,3891556,1452188,2439367,19619107,11664400,7954706,20628790,9174660,11454129,4960193,2059333,2900860,10054903,4354658,5700244,1242786,420936,821850,4370906,2339732,2031174,565731757,230852705,334879051,0
0,0,0,0,244360506,1186886733,610845286,576041446,161770016,84311525,77458490,198357600,101983408,96374192,103880776,52211405,51669371,745788768,425013628,320775140,441097965,185831658,255266306,473426342,325259710,148166631,355148492,267164646,87983846,95745149,72905174,22839975,85837657,55026039,30811617,12009486,7326591,4682895,161556198,131906840,29649358,118277849,58095064,60182784,22826930,9675498,13151432,58029807,27410574,30619233,5922627,2201314,3721312,31498484,18807677,12690807,96173840,48046474,48127365,17813849,7592696,10221152,47751805,22941560,24810244,4519145,1716586,2802559,26089040,15795630,10293409,22104008,10048589,12055419,5013080,2082801,2930279,10278002,4469013,5808989,1403481,484728,918753,5409444,3012046,2397397,713460391,285585576,427874815,0
0,0,0,0,224346686,1093581638,562476572,531105066,151083183,78702967,72380216,186598152,95942050,90656101,101292258,50904145,50388113,676300989,387058234,289242754,417280649,175418337,241862311,440482885,299254742,141228142,326274820,243631002,82643817,94977229,72274675,22702554,84548932,54131389,30417543,10750863,6492829,4258033,135997795,110732108,25265686,114208065,55623740,58584324,22673408,9596477,13076930,57503583,27115087,30388496,5600535,2067217,3533318,28430537,16844958,11585579,92706827,45932236,46774591,17681937,7523265,10158671,47316738,22692798,24623939,4262713,1608554,2654159,23445438,14107618,9337820,21501237,9691503,11809733,4991471,2073212,2918258,10186844,4422288,5764556,1337821,458662,879158,4985099,2737340,2247759,653098753,263221829,389876923,0
0,0,0,0,223197985,1088226354,559700430,528525923,150469808,78381061,72088746,185923213,95595304,90327909,101143689,50829114,50314574,672312709,384879769,287432940,415913645,174820661,241092983,438592082,297762177,140829905,324617604,242280279,82337324,94933154,72238487,22694666,84474965,54080040,30394925,10678624,6444975,4233648,134530859,109516776,25014083,113974478,55481897,58492580,22664596,9591942,13072654,57473380,27098127,30375253,5582048,2059520,3522528,28254451,16732307,11522144,92507837,45810888,46696948,17674366,7519280,10155085,47291767,22678521,24613246,4247995,1602353,2645642,23293707,14010733,9282973,21466640,9671008,11795632,4990230,2072662,2917568,10181612,4419606,5762006,1334053,457166,876886,4960744,2721573,2239171,649634272,261938253,387696018,0
0,0,0,0,190484719,935716018,480640129,455075888,133001819,69213683,63788136,166701996,85720500,80981496,96912669,48692353,48220315,558732581,322840394,235892187,376983436,157799735,219183700,384744887,255256177,129488709,277422609,203813742,73608866,93677962,71207915,22470047,82368500,52617703,29750796,8621362,5082164,3539198,92754783,74905959,17848824,107322277,51442434,55879842,22413660,9462781,12950879,56613249,26615143,29998105,5055579,1840332,3215246,23239788,13524176,9715611,86840887,42355094,44485792,17458751,7405792,10052958,46580637,22271911,24308726,3828849,1425770,2403078,18972649,11251620,7721029,20481390,9087340,11394050,4954908,2056988,2897920,10032612,4343232,5689379,1226730,414562,812168,4267138,2272556,1994582,550971131,225383952,325587178,0
0,0,0,0,197930425,970428149,498634657,471793491,136977623,71300225,65677397,171076843,87968056,83108787,97875671,49178691,48696979,584583998,336960872,247623125,385844150,161673785,224170365,397000783,264930760,132070023,288164431,212568922,75595508,93963650,71442478,22521172,82847942,52950538,29897403,9089605,5392347,3697258,102263231,82783558,19479673,108836352,52361837,56474515,22470774,9492178,12978595,56809019,26725073,30083946,5175406,1890221,3285185,24381151,14254363,10126788,88130714,43141651,44989062,17507826,7431623,10076203,46742494,22364457,24378036,3924248,1465961,2458287,19956144,11879608,8076536,20705638,9220186,11485452,4962948,2060555,2902392,10066525,4360615,5705909,1251157,424259,826898,4425007,2374755,2050251,573427365,233703897,339723467,0
0,0,0,0,240378440,1168322211,601221567,567100644,159643702,83195614,76448087,196017872,100781384,95236488,103365750,51951305,51414444,731963077,417461803,314501274,436359134,183759764,252599370,466871721,320085611,146786109,349403619,262482255,86921363,95592359,72779726,22812633,85581245,54848034,30733210,11759063,7160701,4598362,156470950,127693793,28777157,117468101,57603355,59864746,22796384,9659775,13136608,57925106,27351782,30573324,5858541,2174634,3683907,30888068,18417163,12470905,95484023,47625813,47858210,17787603,7578882,10208721,47665241,22892065,24773175,4468124,1695091,2773032,25563054,15459773,10103280,21984077,9977541,12006536,5008781,2080893,2927887,10259865,4459716,5800148,1390417,479542,910875,5325014,2957389,2367624,701450490,281135955,420314534,0
0,0,0,0,211304780,1032779836,530957340,501822496,144119162,75048178,69070984,178935165,92005229,86929936,99605463,50052275,49553187,631019622,362324790,268694831,401760214,168632549,233127665,419015445,282308734,136706710,307459435,228295420,79164014,94476817,71863813,22613004,83709141,53548394,30160746,9930688,5949513,3981174,119342787,96933699,22409088,111556010,54013314,57542695,22573366,9544984,13028381,57160672,26922534,30238137,5390646,1979832,3410813,26431325,15565962,10865363,90447566,44554503,45893062,17595977,7478020,10117956,47033229,22530694,24502535,4095611,1538155,2557455,21722747,13007632,8715114,21108444,9458810,11649633,4977389,2066963,2910425,10127442,4391840,5735602,1295034,441677,853357,4708577,2558329,2150248,613764391,248648605,365115785,0
0,0,0,0,239827832,1165755254,599890874,565864379,159349691,83041314,76308376,195694353,100615178,95079175,103294536,51915340,51379195,730051368,416417595,313633772,435703885,183473278,252230606,465965399,319370177,146595221,348609263,261834811,86774451,95571233,72762380,22808852,85545790,54823421,30722369,11724437,7137763,4586673,155767802,127111246,28656556,117356135,57535365,59820770,22792161,9657601,13134559,57910629,27343653,30566976,5849680,2170944,3678735,30803664,18363166,12440498,95388641,47567647,47820993,17783974,7576971,10207002,47653272,22885221,24768050,4461069,1692119,2768950,25490324,15413334,10076990,21967494,9967717,11999776,5008186,2080630,2927556,10257357,4458431,5798926,1388610,478825,909785,5313339,2949831,2363508,699789855,280520697,419269157,0
0,0,0,0,226306387,1102717829,567212710,535505119,152129610,79252142,72877467,187749606,96533604,91216002,101545719,51032148,50513570,683105050,390774727,292330323,419612779,176437983,243174795,443708622,301801081,141907541,329102054,245935355,83166699,95052422,72336411,22716010,84675121,54218991,30456130,10874104,6574469,4299635,138500407,112805483,25694924,114606567,55865725,58740841,22688440,9604215,13084225,57555109,27144020,30411089,5632073,2080347,3551726,28730943,17037142,11693800,93046308,46139257,46907051,17694853,7530063,10164789,47359339,22717157,24642182,4287822,1619132,2668690,23704292,14272903,9431388,21560259,9726468,11833790,4993587,2074151,2919435,10195770,4426863,5768907,1344250,461215,883035,5026650,2764238,2262411,659009207,265411629,393597577,0
0,0,0,0,187962699,923958275,474544997,449413277,131655129,68506926,63148203,165220142,84959204,80260937,96586480,48527620,48058859,549976152,318057485,231918667,373982122,156487512,217494610,380593552,251979189,128614363,273784124,200848175,72935948,93581194,71128463,22452730,82206103,52504965,29701138,8462758,4977098,3485659,89534068,72237648,17296420,106809428,51131013,55678414,22394314,9452823,12941490,56546937,26577908,29969029,5014991,1823434,3191556,22853184,13276846,9576337,86403995,42088671,44315324,17442128,7397043,10045084,46525812,22240563,24285249,3796535,1412157,2384377,18639519,11038906,7600612,20405432,9042342,11363090,4952185,2055780,2896405,10021125,4337344,5683780,1218456,411277,807178,4213665,2237939,1975725,543364723,222565808,320798914,0
0,0,0,0,214013916,1045409921,537504688,507905232,145565767,75807371,69758396,180526963,92823007,87703955,99955854,50229230,49726623,640425716,367462557,272963158,404984204,170042130,234942073,423474780,285828852,137645927,311367870,231481011,79886858,94580766,71949159,22631606,83883587,53669497,30214089,10101059,6062373,4038685,122802457,99799980,23002476,112106909,54347840,57759068,22594147,9555681,13038466,57231903,26962532,30269370,5434245,1997984,3436260,26846612,15831642,11014970,90916872,44840693,46076178,17613833,7487419,10126414,47092121,22564367,24527754,4130322,1552778,2577543,22080594,13236127,8844466,21190037,9507147,11682890,4980314,2068261,2912052,10139781,4398164,5741616,1303922,445205,858716,4766018,2595514,2170504,621935141,251675835,370259305,0
0,0,0,0,187139079,920118531,472554500,447564030,131215339,68276120,62939219,164736210,84710587,80025623,96479956,48473823,48006132,547116552,316495523,230621028,373001979,156058977,216943001,379237844,250909017,128328826,272595898,199879705,72716192,93549592,71102516,22447075,82153068,52468147,29684920,8410962,4942787,3468175,88482274,71366253,17116021,106641946,51029312,55612633,22387996,9449571,12938424,56525282,26565748,29959534,5001736,1817916,3183820,22726930,13196075,9530854,86261318,42001664,44259654,17436700,7394186,10042513,46507908,22230326,24277582,3785982,1407711,2378270,18530728,10969440,7561287,20380627,9027647,11352979,4951296,2055385,2895911,10017373,4335421,5681951,1215754,410204,805549,4196202,2226635,1969567,540880686,221645482,319235203,0
0,0,0,0,208555413,1019962195,524312764,495649431,142651075,74277711,68373364,177319730,91175307,86144422,99249870,49872693,49377177,621473847,357110728,264363119,398488347,167202035,231286312,414489889,278736343,135753546,303492959,225062523,78430436,94371326,71777199,22594126,83532104,53425493,30106611,9757786,5834976,3922810,115831742,94024853,21806888,110996930,53673820,57323110,22552276,9534129,13018147,57088382,26881942,30206440,5346399,1961411,3384987,26009871,15296336,10713534,89971290,44264063,45707227,17577856,7468482,10109373,46973463,22496521,24476942,4060384,1523314,2537069,21359587,12775744,8583842,21025639,9409756,11615882,4974420,2065646,2908774,10114919,4385421,5729498,1286015,438096,847918,4650284,2520591,2129692,605472306,245576420,359895885,0
0,0,0,0,207218449,1013729225,521081635,492647589,141937173,73903048,68034125,176534174,90771732,85762442,99076952,49785365,49291586,616831922,354575230,262256691,396897302,166506404,230390898,412289199,276999158,135290041,301564139,223490427,78073711,94320027,71735080,22584946,83446014,53365728,30080286,9673708,5779279,3894428,114124388,92610338,21514050,110725060,53508730,57216329,22542021,9528850,13013170,57053230,26862203,30191026,5324882,1952453,3372429,25804926,15165223,10639702,89739687,44122827,45616859,17569044,7463844,10105199,46944399,22479903,24464496,4043254,1516097,2527156,21182988,12662982,8520006,20985373,9385902,11599470,4972977,2065005,2907971,10108830,4382299,5726530,1281628,436355,845273,4621937,2502241,2119696,601440025,244082476,357357548,0
0,0,0,0,214918397,1049626640,539690606,509936033,146048735,76060837,69987897,181058405,93096033,87962372,100072836,50288309,49784526,643566064,369177868,274388195,406060575,170512737,235547838,424963587,287004090,137959496,312672752,232544563,80128189,94615470,71977653,22637816,83941828,53709929,30231899,10157940,6100053,4057886,123957513,100756926,23200587,112290834,54459526,57831307,22601085,9559252,13041833,57255685,26975886,30279798,5448801,2004045,3444756,26985262,15920343,11064918,91073556,44936242,46137314,17619794,7490557,10129237,47111783,22575609,24536173,4141911,1557661,2584250,22200066,13312413,8887652,21217278,9523284,11693993,4981290,2068695,2912595,10143901,4400276,5743624,1306890,446383,860506,4785195,2607929,2177266,624663052,252686516,371976536,0
0,0,0,0,170669018,843334560,432750222,410584337,122420777,63660644,58760132,155058956,79738946,75320009,94349775,47398034,46951741,489932669,285260725,204671943,353401891,147489497,205912393,352127541,229508635,122618905,248834760,180513061,68321699,92917644,70583657,22333986,81092532,51731909,29360623,7375198,4256656,3118542,67449385,53940838,13508546,103292780,48995574,54297205,22261658,9384543,12877114,56092234,26322581,29769652,4736676,1707562,3029113,20202211,11580887,8621324,83408194,40261785,43146409,17328145,7337049,9991095,46149877,22025611,24124265,3574955,1318807,2256147,16355216,9580317,6774899,19884585,8733789,11150796,4933513,2047494,2886018,9942357,4296970,5645386,1161720,388754,772965,3846995,2000569,1846425,491207019,203241586,287965432,0
0,0,0,0,177340101,874435369,448872666,425562703,125982953,65530110,60452842,158978660,81752674,77225985,95212590,47833775,47378814,513094600,297912161,215182438,361340769,150960505,210380264,363108379,238176710,124931669,258459043,188357384,70101658,93173610,70793817,22379792,81522095,52030117,29491977,7794727,4534569,3260158,75968609,60998880,14969729,104649336,49819325,54830010,22312830,9410882,12901948,56267637,26421074,29846562,4844036,1752260,3091776,21224831,12235108,8989723,84563832,40966511,43597321,17372114,7360192,10011922,46294895,22108529,24186365,3660430,1354817,2305612,17236392,10142971,7093420,20085503,8852814,11232689,4940716,2050690,2890025,9972742,4312544,5660197,1183606,397443,786163,3988439,2092136,1896303,511326990,210695955,300631034,0
0,0,0,0,171155165,845600990,433925124,411675866,122680366,63796879,58883486,155344599,79885694,75458905,94412652,47429788,46982863,491620563,286182681,205437882,353980426,147742442,206237983,352927755,230140310,122787444,249536117,181084705,68451411,92936297,70598972,22337324,81123836,51753640,29370195,7405771,4276909,3128862,68070212,54455183,13615028,103391637,49055604,54336033,22265387,9386462,12878924,56105016,26329759,29775257,4744499,1710819,3033680,20276733,11628562,8648171,83492410,40313141,43179269,17331349,7338735,9992613,46160445,22031654,24128791,3581184,1321431,2259752,16419431,9621319,6798111,19899227,8742463,11156764,4934037,2047727,2886310,9944571,4298105,5646466,1163315,389387,773927,3857302,2007242,1850059,492673235,203784814,288888421,0
0,0,0,0,220091349,1073743116,552192420,521550695,148810950,77510476,71300474,184097859,94657537,89440321,100741888,50626195,50115692,661526502,378988161,282538340,412216613,173204258,239012355,433478450,293725568,139752881,320135702,238627280,81508421,94813954,72140618,22673335,84274923,53941168,30333755,10483255,6315555,4167699,130563569,106229938,24333630,113342747,55098287,58244460,22640766,9579676,13061089,57391697,27052260,30339436,5532052,2038705,3493347,27778231,16427645,11350586,91969671,45482707,46486964,17653890,7508502,10145387,47224234,22639907,24584327,4208191,1585584,2622606,22883355,13748712,9134642,21373076,9615580,11757495,4986876,2071173,2915702,10167462,4412353,5755109,1323861,453120,870740,4894875,2678932,2215943,640264666,258466851,381797814,0
0,0,0,0,194040764,952294417,489234257,463060160,134900650,70210209,64690441,168791409,86793925,81997483,97372596,48924627,48447968,571079133,329584288,241494845,381215284,159649969,221565315,390598263,259876726,130721536,282552868,207995187,74557680,93814406,71319941,22494464,82597480,52776664,29820815,8844993,5230306,3614687,97295987,78668274,18627712,108045394,51881538,56163856,22440937,9476821,12964116,56706748,26667645,30039102,5112808,1864159,3248648,23784899,13872911,9911988,87456904,42730751,44726152,17482189,7418129,10064060,46657939,22316111,24341828,3874411,1444965,2429445,19442363,11551545,7890818,20588490,9150786,11437703,4958748,2058692,2900056,10048809,4351534,5697274,1238396,419193,819203,4342536,2321366,2021169,561696154,229357530,332338623,0
0,0,0,0,209750552,1025533974,527201135,498332839,143289247,74612630,68676617,178021953,91536071,86485882,99404445,49950757,49453688,625623359,359377261,266246097,399910615,167823874,232086741,416457131,280289248,136167883,305217171,226467851,78749319,94417183,71814850,22602332,83609061,53478917,30130143,9832946,5884765,3948181,117357980,95289317,22068662,111239960,53821396,57418563,22561444,9538848,13022596,57119806,26899587,30220219,5365633,1969419,3396214,26193075,15413541,10779533,90178325,44390316,45788009,17585733,7472629,10113104,46999443,22511376,24488067,4075697,1529765,2545931,21517451,12876545,8640905,21061634,9431080,11630553,4975711,2066219,2909491,10120363,4388211,5732151,1289935,439653,850282,4675624,2536996,2138627,609076843,246911887,362164955,0
0,0,0,0,242024829,1175997728,605200501,570797226,160522828,83656988,76865839,196985235,101278362,95706873,103578688,52058844,51519844,737679320,420584111,317095209,438318407,184616390,253702017,469581734,322224846,147356887,351778841,264418193,87360648,95655530,72831592,22823937,85687259,54921631,30765628,11862601,7229288,4633312,158573450,129435681,29137769,117802892,57806652,59996239,22809013,9666276,13142737,57968395,27376089,30592305,5885037,2185665,3699372,31140445,18578621,12561823,95769229,47799736,47969492,17798454,7584593,10213861,47701031,22912529,24788501,4489219,1703978,2785240,25780523,15598634,10181889,22033663,10006916,12026746,5010558,2081682,2928876,10267363,4463560,5803803,1395818,481686,914132,5359921,2979987,2379934,706415993,282975655,423440338,0
0,0,0,0,188777837,927758478,476514996,451243482,132090391,68735356,63355035,165699090,85205262,80493828,96691907,48580864,48111043,552806305,319603362,233202943,374952173,156911634,218040539,381935299,253038339,128896959,274960113,201806672,73153441,93612470,71154142,22458327,82258591,52541403,29717188,8514020,5011056,3502963,90575031,73100069,17474961,106975185,51231667,55743518,22400567,9456041,12944525,56568370,26589943,29978427,5028109,1828896,3199213,22978138,13356786,9621352,86545202,42174781,44370421,17447501,7399871,10047629,46543532,22250695,24292837,3806979,1416557,2390421,18747189,11107657,7639532,20429982,9056886,11373096,4953065,2056170,2896895,10024837,4339247,5685590,1221130,412339,808791,4230948,2249128,1981820,545823179,223476656,322346522,0
0,0,0,0,216306294,1056097063,543044828,513052234,146789834,76449773,70340060,181873887,93514983,88358904,100252342,50378964,49873378,648384829,371809959,276574870,407712233,171234869,236477364,427248115,288807455,138440659,314675053,234176549,80498503,94668723,72021377,22647346,84031197,53771970,30259227,10245221,6157872,4087349,125729910,102225329,23504581,112573061,54630905,57942156,22611732,9564732,13047000,57292177,26996377,30295799,5471137,2013344,3457793,27198014,16056451,11141563,91313983,45082858,46231125,17628942,7495371,10133570,47141954,22592860,24549093,4159694,1565152,2594541,22383392,13429472,8953919,21259078,9548047,11711031,4982789,2069360,2913429,10150222,4403516,5746706,1311443,448191,863252,4814622,2626979,2187643,628848947,254237373,374611574,0
0,0,0,0,188386063,925932014,475568170,450363844,131881195,68625568,63255626,165468897,85087001,80381895,96641236,48555274,48085962,551446069,318860378,232585691,374485945,156707791,217778153,381290425,252529287,128761137,274394906,201345996,73048909,93597438,71141800,22455637,82233364,52523890,29709474,8489382,4994735,3494646,90074720,72685570,17389150,106895518,51183291,55712227,22397561,9454495,12943066,56558069,26584159,29973910,5021804,1826271,3195533,22918082,13318365,9599717,86477335,42133395,44343940,17444918,7398512,10046406,46535015,22245825,24289190,3801959,1414442,2387517,18695440,11074614,7620826,20418183,9049896,11368287,4952642,2055982,2896660,10023053,4338333,5684720,1219845,411828,808016,4222642,2243751,1978891,544641589,223038882,321602707,0
0,0,0,0,187120098,920030041,472508628,447521413,131205204,68270801,62934402,164725058,84704857,80020200,96477501,48472583,48004917,547050650,316459526,230591123,372979391,156049101,216930289,379206601,250884355,128322246,272568514,199857386,72711128,93548863,71101918,22446945,82151846,52467299,29684547,8409769,4941996,3467772,88458035,71346171,17111863,106638086,51026968,55611117,22387850,9449496,12938354,56524783,26565468,29959315,5001430,1817789,3183641,22724021,13194214,9529806,86258030,41999659,44258371,17436574,7394120,10042454,46507496,22230090,24277405,3785739,1407608,2378130,18528220,10967839,7560380,20380055,9027308,11352746,4951276,2055376,2895899,10017287,4335377,5681909,1215691,410180,805511,4195800,2226374,1969425,540823440,221624273,319199166,0
0,0,0,0,243274853,1181825381,608221517,573603864,161190306,84007288,77183018,197719707,101655693,96064014,103740362,52140493,51599869,742019390,422954730,319064660,439805990,185266786,254539204,471639318,323849066,147790252,353582234,265888059,87694175,95703493,72870972,22832520,85767750,54977509,30790241,11941212,7281363,4659848,160169778,130758213,29411564,118057083,57961007,60096076,22818602,9671211,13147390,58001262,27394545,30606716,5905155,2194040,3711114,31332063,18701209,12630854,95985771,47931787,48053984,17806693,7588930,10217763,47728204,22928066,24800137,4505235,1710726,2794509,25945637,15704064,10241573,22071311,10029219,12042091,5011908,2082281,2929627,10273057,4466478,5806578,1399919,483314,916605,5386425,2997144,2389280,710186063,284372450,425813612,0
0,0,0,0,226064025,1101587929,566626978,534960951,152000195,79184224,72815971,187607202,96460444,91146757,101514373,51016318,50498054,682263571,390315097,291948474,419324357,176311880,243012476,443309685,301486168,141823517,328752402,245650369,83102033,95043122,72328776,22714346,84659514,54208157,30451357,10858863,6564372,4294490,138190901,112549062,25641838,114557283,55835798,58721484,22686581,9603258,13083323,57548737,27140442,30408295,5628173,2078723,3549449,28693791,17013374,11680416,93004324,46113654,46890669,17693256,7529223,10164033,47354070,22714144,24639926,4284717,1617824,2666893,23672279,14252462,9419816,21552959,9722144,11830815,4993325,2074035,2919290,10194666,4426297,5768369,1343455,460899,882556,5021511,2760912,2260599,658278243,265140810,393137433,0
0,0,0,0,236460672,1150057442,591753237,558304204,157551720,82097721,75453999,193715923,99598769,94117153,102859039,51695405,51163634,718360623,410031914,308328709,431696818,181721323,249975495,460422934,314995056,145427878,343751506,257875470,85876035,95442036,72656304,22785732,85328973,54672904,30656069,11512684,6997489,4515194,151467811,123548772,27919039,116671428,57119585,59551842,22766332,9644307,13122024,57822096,27293939,30528156,5795491,2148383,3647107,30287507,18032954,12254553,94805344,47211944,47593400,17761781,7565290,10196490,47580076,22843369,24736706,4417927,1673944,2743983,25045560,15129340,9916220,21866083,9907641,11958442,5004551,2079016,2925534,10242020,4450570,5791450,1377564,474439,903124,5241947,2903614,2338332,689634507,276758181,412876326,0
0,0,0,0,174299567,860260297,441524407,418735890,124359391,64678048,59681342,157192144,80834861,76357283,94819338,47635174,47184163,502537896,292145912,210391984,357722401,149378495,208343906,358103552,234225990,123877561,254072504,184782112,69290391,93056946,70698031,22358915,81326309,51894200,29432109,7603515,4407902,3195612,72085732,57781978,14303754,104031048,49443878,54587169,22289507,9398877,12890629,56187692,26376183,29811508,4795104,1731888,3063216,20758743,11936928,8821815,84037118,40645312,43391805,17352074,7349643,10002430,46228799,22070737,24158061,3621472,1338405,2283067,16834771,9886526,6948245,19993929,8798565,11195364,4937433,2049233,2888199,9958893,4305446,5653446,1173631,393483,780148,3923972,2050402,1873569,502156745,207298416,294858328,0
0,0,0,0,233980757,1138495996,585759864,552736132,156227513,81402764,74824749,192258808,98850184,93408624,102538295,51533422,51004873,709750384,405328856,304421527,428745612,180431007,248314604,456340907,311772777,144568129,340173766,254959413,85214352,95346883,72578178,22768704,85169287,54562047,30607239,11356728,6894178,4462549,148300867,120925008,27375858,116167140,56813363,59353776,22747309,9634516,13112793,57756892,27257325,30499566,5755580,2131767,3623813,29907358,17789754,12117604,94375746,46949969,47425777,17745435,7556687,10188748,47526166,22812545,24713621,4386152,1660557,2725594,24717991,14920178,9797813,21791393,9863394,11927999,5001873,2077828,2924044,10230725,4444780,5785945,1369428,471210,898218,5189366,2869575,2319791,682155089,273987086,408168003,0
0,0,0,0,198266414,971994540,499446664,472547876,137157032,71394381,65762651,171274259,88069477,83204782,97919126,49200637,48718489,585750548,337598061,248152486,386243992,161848602,224395389,397553833,265367327,132186505,288649157,212964001,75685155,93976542,71453063,22523479,82869577,52965558,29904019,9110735,5406344,3704391,102692302,83139036,19553266,108904675,52403325,56501350,22473352,9493505,12979846,56817853,26730034,30087819,5180813,1892472,3288341,24432655,14287313,10145342,88188917,43177144,45011773,17510040,7432788,10077252,46749797,22368633,24381164,3928553,1467775,2460778,20000525,11907946,8092578,20715757,9226180,11489576,4963311,2060716,2902594,10068055,4361400,5706655,1252259,424696,827562,4432130,2379366,2052763,574440707,234079336,340361370,0
0,0,0,0,239104268,1162381978,598142191,564239786,158963328,82838547,76124781,195269212,100396763,94872448,103200953,51868079,51332873,727539164,415045387,312493776,434842813,183096804,251746009,464774388,318430015,146344373,347565388,260983995,86581392,95543470,72739585,22803884,85499199,54791077,30708121,11678933,7107620,4571313,154843784,126345712,28498072,117209000,57446019,59762980,22786610,9654745,13131865,57891604,27332970,30558634,5838035,2166096,3671939,30692748,18292207,12400541,95263297,47491211,47772086,17779205,7574461,10204743,47637543,22876228,24761314,4451798,1688213,2763584,25394750,15352307,10042442,21945702,9954808,11990894,5007405,2080283,2927122,10254061,4456741,5797319,1386237,477882,908354,5297998,2939900,2358098,697607589,279712176,417895413,0
0,0,0,0,184493620,907785314,466161046,441624267,129802736,67534772,62267964,163181828,83912031,79269796,96137801,48301028,47836773,537931546,311478518,226453027,369853768,154682527,215171240,374883325,247471639,127411686,268779330,196768990,72010339,93448087,71019176,22428910,81982722,52349891,29632831,8244596,4832579,3412016,85103923,68567343,16536580,106103995,50702648,55401346,22367703,9439126,12928577,56455725,26526690,29929034,4959161,1800191,3158970,22321404,12936640,9384764,85803043,41722201,44080842,17419263,7385008,10034254,46450400,22197444,24252956,3752086,1393431,2358655,18181292,10746316,7434975,20300951,8980447,11320504,4948440,2054117,2894322,10005324,4329245,5676078,1207075,406759,800315,4140112,2190324,1949788,532901988,218689407,314212581,0
0,0,0,0,234410241,1140498265,586797826,553700438,156456846,81523120,74933726,192511159,98979827,93531331,102593843,51561475,51032368,711241548,406143355,305098192,429256716,180654470,248602246,457047852,312330827,144717024,340793376,255464430,85328945,95363362,72591709,22771653,85196942,54581246,30615696,11383737,6912070,4471667,148849334,121379405,27469929,116254475,56866396,59388078,22750603,9636211,13114392,57768184,27263666,30504517,5762492,2134645,3627847,29973194,17831872,12141321,94450146,46995339,47454807,17748266,7558177,10190089,47535503,22817883,24717619,4391655,1662876,2728779,24774721,14956401,9818319,21804329,9871057,11933271,5002337,2078034,2924302,10232681,4445782,5786898,1370837,471769,899067,5198473,2875470,2323002,683450412,274466998,408983413,0
0,0,0,0,177303667,874265511,448784613,425480898,125963498,65519900,60443597,158957252,81741676,77215575,95207878,47831395,47376482,512968100,297843065,215125035,361297411,150941548,210355862,363048407,238129369,124919037,258406479,188314542,70091936,93172212,70792669,22379542,81519749,52028488,29491260,7792436,4533051,3259385,75922081,60960332,14961748,104641927,49814826,54827100,22312551,9410738,12901812,56266679,26420536,29846142,4843450,1752016,3091434,21219246,12231534,8987711,84557521,40962662,43594858,17371874,7360065,10011808,46294103,22108077,24186026,3659963,1354620,2305342,17231579,10139899,7091680,20084406,8852164,11232242,4940676,2050672,2890003,9972576,4312459,5660116,1183486,397395,786091,3987666,2091635,1896030,511217104,210655243,300561860,0
0,0,0,0,212239625,1037138114,533216641,503921473,144618344,75310153,69308190,179484449,92287421,87197028,99726373,50113338,49613035,634265394,364097686,270167708,402872720,169118955,233753765,420554233,283523426,137030807,308808123,229394676,79413447,94512687,71893264,22619423,83769337,53590183,30179153,9989478,5988458,4001020,120536620,97922770,22613849,111746109,54128749,57617360,22580537,9548675,13031861,57185252,26936336,30248915,5405690,1986096,3419594,26574629,15657640,10916988,90609510,44653259,45956250,17602139,7481264,10120874,47053551,22542314,24511237,4107589,1543201,2564387,21846230,13086480,8759750,21136599,9475490,11661109,4978398,2067411,2910986,10131700,4394022,5737677,1298101,442895,855206,4728398,2571160,2157238,616583881,249693215,366890666,0
0,0,0,0,184188825,906364348,465424428,440939920,129639984,67449358,62190626,163002740,83820025,79182714,96098380,48281119,47817260,536873300,310900487,225972813,369491048,154523940,214967107,374381621,247075603,127306018,268339606,196410591,71929014,93436392,71009574,22426818,81963096,52336266,29626829,8225428,4819882,3405546,84714688,68244868,16469820,106042015,50665012,55377003,22365365,9437923,12927442,56447711,26522190,29925521,4954256,1798148,3156107,22274682,12906749,9367932,85750243,41690003,44060240,17417254,7383951,10033303,46443775,22193656,24250118,3748181,1391786,2356395,18141032,10720609,7420422,20291772,8975009,11316763,4948110,2053971,2894139,10003936,4328534,5675402,1206075,406362,799712,4133649,2186140,1947509,531982726,218348824,313633902,0
0,0,0,0,241096616,1171670369,602957229,568713140,160027188,83396871,76630316,196439848,100998172,95441676,103458636,51998215,51460421,734456575,418823793,315632781,437213794,184133435,253080358,468053863,321018773,147035090,350439721,263326736,87112985,95619915,72802351,22817564,85627490,54880138,30747351,11804228,7190619,4613608,157388088,128453627,28934460,117614141,57692036,59922105,22801893,9662611,13139282,57943989,27362385,30581604,5870099,2179445,3690653,30998158,18487593,12510565,95608433,47701680,47906752,17792336,7581373,10210963,47680853,22900992,24779861,4477326,1698968,2778357,25657917,15520346,10137570,22005707,9990355,12015352,5009556,2081237,2928318,10263136,4461393,5801742,1392773,480477,912295,5340241,2967246,2372994,703616506,281938456,421678050,0
0,0,0,0,223778754,1090933918,561104013,529829905,150779923,78543813,72236110,186264454,95770614,90493839,101218804,50867049,50351754,674329133,385981174,288347959,416604785,175122839,241481946,439548048,298516799,141031248,325455471,242963188,82492283,94955438,72256783,22698654,84512362,54106001,30406360,10715147,6469170,4245977,135272523,110131232,25141290,114092576,55553611,58538965,22669051,9594235,13074816,57488650,27106702,30381948,5591395,2063411,3527983,28343478,16789262,11554216,92608444,45872240,46736203,17678193,7521295,10156898,47304392,22685739,24618653,4255436,1605488,2649948,23370420,14059717,9310703,21484132,9681370,11802761,4990857,2072940,2917917,10184257,4420962,5763295,1335958,457923,878035,4973058,2729544,2243513,651385870,262587213,388798656,0
