Actual,Predicted,Residual
0.477,0.7191228416019131,-0.2421228416019131
0.458,1.7640165706624165,-1.3060165706624165
5.00001,2.709658833431731,2.2903511665682688
2.186,2.8389259301839282,-0.6529259301839283
2.78,2.6046572518103144,0.17534274818968543
1.587,2.011753673249894,-0.4247536732498942
1.982,2.645500049376656,-0.6635000493766559
1.575,2.168755321287107,-0.5937553212871072
3.4,2.740746441138508,0.6592535588614918
4.466,3.915614725032487,0.5503852749675131
1.232,0.9389615628098271,0.29303843719017286
2.539,1.901221766444077,0.6377782335559232
2.151,1.7587117811025528,0.392288218897447
2.205,2.2501597954689756,-0.04515979546897553
2.198,2.5408697582138635,-0.34286975821386356
1.362,1.9174049020085784,-0.5554049020085783
1.784,2.386482948927118,-0.6024829489271182
1.875,2.0109303249640096,-0.13593032496400959
1.398,2.227409336660983,-0.8294093366609829
1.375,1.1185315173418326,0.25646848265816735
4.25,2.933130791513086,1.316869208486914
4.056,2.6609362120341165,1.3950637879658836
1.388,1.8776690795224873,-0.4896690795224874
5.00001,3.3519182522662567,1.648091747733743
1.621,2.244641965819192,-0.6236419658191918
0.514,0.901436600849362,-0.38743660084936193
1.513,1.8449955988427007,-0.3319955988427008
0.948,1.6369502962778242,-0.6889502962778242
2.041,1.9188916718833662,0.12210832811663375
3.615,3.2542643926510006,0.36073560734899957
0.851,1.5716906637246812,-0.7206906637246813
1.384,1.1268222788358708,0.25717772116412907
1.375,2.0575658652281668,-0.6825658652281668
4.65,3.688124161235462,0.9618758387645383
2.718,2.413548419387163,0.30445158061283717
2.394,2.553974715462082,-0.15997471546208208
3.409,2.797544386144049,0.6114556138559508
1.504,1.853904562565742,-0.349904562565742
1.281,1.0815874645092334,0.19941253549076654
1.56,1.8522518000544275,-0.2922518000544274
2.581,3.0982382571323326,-0.5172382571323326
0.905,1.4246318772125268,-0.5196318772125268
0.713,1.0443323247164802,-0.3313323247164802
2.197,2.0605114696627727,0.1364885303372274
1.51,1.7597450934273229,-0.24974509342732287
2.901,1.8962650233720613,1.0047349766279385
1.42,2.0164855994381408,-0.5964855994381408
2.915,1.8442863810169166,1.0707136189830835
2.554,2.071147979571663,0.48285202042833664
0.981,1.4427760330352242,-0.4617760330352242
2.519,2.4037254970173056,0.11527450298269448
1.621,1.7266098459317178,-0.10560984593171785
1.294,1.87251181170021,-0.5785118117002099
0.894,0.7256364130570536,0.1683635869429464
1.505,1.8786128711212935,-0.3736128711212936
1.338,2.0882164715897704,-0.7502164715897703
0.804,0.8460960843296665,-0.042096084329666494
2.111,2.4622325775205325,-0.3512325775205323
2.556,2.494681680632628,0.06131831936737209
2.145,2.1889535134437836,-0.04395351344378362
5.00001,2.5392250892446437,2.460784910755356
2.021,1.8769763366758347,0.14402366332416516
0.815,1.1190117144006693,-0.3040117144006693
0.988,1.2997807011954046,-0.3117807011954046
2.819,2.986374719785111,-0.1673747197851112
1.846,2.184579481157852,-0.33857948115785197
2.547,1.789092615945065,0.7579073840549351
1.431,1.9421512802291807,-0.5111512802291807
1.625,1.5668682865682615,0.05813171343173851
1.426,1.7256066369383563,-0.2996066369383563
0.859,0.19466371636198154,0.6643362836380184
1.869,2.693080791720689,-0.8240807917206892
0.713,1.240924028655563,-0.527924028655563
1.744,1.9532269937099143,-0.20922699370991427
2.25,2.193623650961311,0.05637634903868882
1.465,2.0082200466688804,-0.5432200466688804
4.05,3.3269794345442207,0.7230205654557791
1.896,2.080108428597447,-0.18410842859744703
1.644,2.4089944439590747,-0.7649944439590748
3.375,1.8382306119047347,1.5367693880952653
0.725,0.7684447087915469,-0.04344470879154694
1.438,1.6140949346811204,-0.17609493468112047
1.6,1.589963698374616,0.010036301625384159
1.181,1.3726385713367382,-0.19163857133673812
3.74,3.4496622406454405,0.29033775935455974
2.027,2.461816601441502,-0.434816601441502
0.966,1.495430843590182,-0.529430843590182
0.658,0.7913581855528113,-0.13335818555281131
1.674,1.607784008275008,0.06621599172499204
1.798,1.9360420895810584,-0.13804208958105835
0.967,1.8841676773948315,-0.9171676773948315
2.661,2.4124432536529863,0.24855674634701375
0.911,1.6261902585257793,-0.7151902585257792
0.498,0.7606505487996105,-0.2626505487996105
0.907,0.9750410182600364,-0.06804101826003639
1.158,1.4924054693282842,-0.3344054693282843
2.786,2.6825868140803815,0.10341318591961857
2.5,1.6620203205100246,0.8379796794899754
0.85,1.8133871560519612,-0.9633871560519612
1.77,2.120443197262926,-0.35044319726292583
0.997,1.5177695652370102,-0.5207695652370102
3.576,4.096001257631418,-0.5200012576314177
4.75,2.6265183079880625,2.1234816920119375
2.736,3.0304933046638105,-0.2944933046638103
1.824,2.2131312474245486,-0.3891312474245485
1.578,1.8593113575320845,-0.28131135753208447
1.938,1.6427450555800935,0.2952549444199064
3.336,2.824612248253324,0.5113877517466761
2.646,2.3611463916505127,0.28485360834948725
0.584,1.2320335109798324,-0.6480335109798324
1.734,1.9289923732176446,-0.19499237321764462
2.148,2.519147011678318,-0.371147011678318
2.0,4.946137379254825,-2.946137379254825
4.228,3.6668518292626002,0.5611481707373995
0.936,1.4638287716867868,-0.5278287716867868
1.222,2.0592679267267773,-0.8372679267267773
1.676,2.115746266185093,-0.43974626618509327
3.036,2.3142217193554524,0.7217782806445476
2.693,2.4524461451492097,0.2405538548507904
2.644,2.307559364746865,0.33644063525313506
1.91,1.7407607793968376,0.16923922060316232
1.538,2.2100245441731245,-0.6720245441731245
2.755,2.980787035573589,-0.22578703557358892
2.088,1.5888280489837008,0.4991719510162993
1.423,1.646760589977105,-0.2237605899771049
0.635,1.1234679680131934,-0.48846796801319337
0.958,0.7616710856200628,0.19632891437993716
2.317,1.9377168927853852,0.379283107214615
2.215,1.9968913303591278,0.21810866964087205
0.895,1.4727312426811168,-0.5777312426811168
2.26,2.7121057050650426,-0.4521057050650428
5.00001,6.801288273985448,-1.8012782739854485
2.702,2.8644523205024885,-0.1624523205024886
0.596,1.1837814693582849,-0.5877814693582849
1.933,2.0314184744811685,-0.09841847448116847
1.336,1.291291755162939,0.04470824483706104
1.619,2.5815820695370855,-0.9625820695370855
3.575,2.4562543339604765,1.1187456660395236
2.765,2.2667480050484063,0.4982519949515938
4.107,2.7027909217456774,1.4042090782543228
3.75,1.6545461096332867,2.0954538903667133
1.352,1.679927098063485,-0.32792709806348497
1.672,1.7917488631281473,-0.11974886312814736
2.52,1.8414144115505848,0.6785855884494152
3.084,3.82982024958158,-0.74582024958158
1.721,1.5987181856194121,0.12228181438058794
5.00001,3.4049455363865637,1.595064463613436
1.938,1.7242316051697946,0.21376839483020538
1.052,0.4660849883487348,0.5859150116512652
0.908,1.1812249138037376,-0.2732249138037376
1.688,1.5096587656431737,0.17834123435682625
1.621,1.45998390815608,0.16101609184392007
1.612,2.2608464021645562,-0.6488464021645561
1.375,1.6498122080697262,-0.27481220806972617
2.893,2.506424683699482,0.3865753163005179
2.787,2.796985996833669,-0.009985996833669297
1.617,2.2407446373688957,-0.6237446373688957
2.31,2.6490662959195532,-0.3390662959195532
0.875,0.882085314027961,-0.007085314027960976
0.957,1.3508426913940055,-0.3938426913940055
2.406,2.8249173666767637,-0.4189173666767636
2.141,1.9690877675022727,0.17191223249772736
4.286,3.6766676443066912,0.6093323556933083
1.25,1.8415666791188596,-0.5915666791188596
0.764,0.34446708066536136,0.41953291933463865
2.638,3.2177459861892497,-0.5797459861892498
1.204,2.0353086975866654,-0.8313086975866655
1.091,1.1309081273245265,-0.03990812732452653
1.706,1.8397285813734876,-0.13372858137348764
2.574,2.8800496443554624,-0.30604964435546256
3.2,2.91199662364988,0.2880033763501202
2.896,2.208643384443403,0.6873566155565971
3.073,2.7359155701697473,0.33708442983025266
3.255,2.994953051566796,0.260046948433204
0.584,0.3805509968683314,0.20344900313166858
0.485,-0.5910847565069957,1.0760847565069955
2.167,1.3597694128446327,0.8072305871553671
0.979,1.4071900671098272,-0.4281900671098272
1.586,1.457814883996877,0.1281851160031231
0.69,0.9321247706878502,-0.2421247706878502
3.223,3.0485824303504447,0.17441756964955513
4.677,3.4160187846336862,1.2609812153663134
1.63,1.975348693942437,-0.34534869394243706
2.871,2.7186391301608466,0.15236086983915342
0.546,0.5792985590659769,-0.033298559065976896
0.904,1.176292079967253,-0.2722920799672529
1.555,1.7833852941907495,-0.2283852941907496
1.75,1.71253937409052,0.03746062590948007
4.112,4.088092333574879,0.023907666425120766
3.321,2.095475026809514,1.225524973190486
1.412,2.0550898498292614,-0.6430898498292614
2.471,2.872825259460763,-0.40182525946076275
1.53,1.5672814015810892,-0.03728140158108917
1.55,2.065398087937384,-0.5153980879373841
3.908,0.8678058396768564,3.0401941603231437
0.9,1.0131006100527826,-0.1131006100527826
1.967,2.296450442119553,-0.329450442119553
0.682,0.9824983915348338,-0.3004983915348337
5.00001,5.096408163745454,-0.09639816374545429
0.921,1.7266509555205656,-0.8056509555205655
2.979,2.3936593069717502,0.5853406930282499
5.00001,4.497722814211414,0.5022871857885853
3.323,2.818030901356069,0.5049690986439308
1.711,2.5052673237298224,-0.7942673237298223
1.521,2.4139466319341336,-0.8929466319341337
2.32,2.0668007516266615,0.2531992483733383
1.271,0.4939039525342155,0.7770960474657844
0.875,0.6352749296390019,0.2397250703609981
2.034,2.3930080412803645,-0.3590080412803647
2.286,2.022661407287754,0.263338592712246
1.167,1.8183910082868562,-0.6513910082868561
4.167,5.766562333617194,-1.599562333617194
2.276,3.0003379797579,-0.7243379797579004
2.679,3.0029101843128627,-0.3239101843128629
0.972,1.7264799896647718,-0.7544799896647718
1.375,1.7336555585349676,-0.35865555853496756
1.988,1.8517709553855872,0.13622904461441276
0.686,0.7860424604994938,-0.10004246049949372
3.525,2.4516151162624142,1.0733848837375857
1.038,1.683779815407778,-0.6457798154077781
1.078,0.3535817173633191,0.724418282636681
1.317,1.4996478076666473,-0.18264780766664734
2.713,2.792933415075078,-0.0799334150750779
0.973,1.8293403269644186,-0.8563403269644186
0.95,1.6894033439984244,-0.7394033439984244
0.675,1.2331570937878664,-0.5581570937878664
3.261,2.604708411087757,0.6562915889122429
0.656,0.5389765757426339,0.11702342425736612
2.256,2.3963474125324145,-0.14034741253241467
2.638,2.399077537674686,0.2389224623253141
3.483,2.7018121558658432,0.7811878441341569
3.25,2.204924317434965,1.045075682565035
1.088,1.4431439068201457,-0.3551439068201456
4.0,2.9291369499012836,1.0708630500987164
1.384,0.7371076675828925,0.6468923324171074
0.61,1.1018613661764687,-0.4918613661764687
4.531,3.935192883169757,0.5958071168302426
5.00001,4.514576246539377,0.48543375346062234
1.202,1.9858353567171108,-0.7838353567171108
3.292,2.736363865218491,0.5556361347815089
1.963,2.149037465134996,-0.18603746513499608
1.5,1.4334008770178266,0.06659912298217341
1.52,1.9170516285807446,-0.3970516285807446
1.699,1.709571466166078,-0.010571466166077848
1.375,1.1981309961116056,0.17686900388839444
2.83,2.4637613461519985,0.3662386538480016
4.045,2.8292497243038417,1.2157502756961582
1.935,2.4834346752603604,-0.5484346752603604
2.051,2.6633644778286265,-0.6123644778286264
1.456,1.5559502743931064,-0.09995027439310644
2.25,1.0501745190083596,1.1998254809916404
2.159,2.326857698597534,-0.1678576985975342
1.585,1.9828015388711604,-0.39780153887116043
1.247,1.9311815603019398,-0.6841815603019397
0.654,0.4570987837714726,0.1969012162285274
2.802,2.6689816234869785,0.1330183765130215
1.805,1.7012303081441675,0.1037696918558324
1.054,1.6082926980163086,-0.5542926980163085
1.0,1.1753571317272113,-0.17535713172721135
1.663,1.5910546700273724,0.07194532997262759
1.58,3.1708310811099576,-1.5908310811099575
2.438,2.4866818914613558,-0.0486818914613556
3.629,3.722183995025566,-0.09318399502556618
2.019,2.5096347335243347,-0.4906347335243346
0.526,-0.6881221826725996,1.2141221826725996
5.00001,2.873333628843974,2.1266763711560257
1.12,1.687650078202605,-0.5676500782026048
2.25,2.181783092578515,0.06821690742148512
4.399,3.38557048314084,1.0134295168591598
0.883,1.2269711903919476,-0.34397119039194757
5.00001,7.016410347708556,-2.016400347708556
2.768,2.186369032706316,0.5816309672936839
1.792,1.9869838642410538,-0.19498386424105374
1.997,2.0612541849128054,-0.06425418491280532
1.32,1.1445710657180799,0.1754289342819202
0.613,1.427798414106169,-0.814798414106169
1.719,2.518918368806128,-0.799918368806128
1.238,1.1541525770251198,0.08384742297488024
1.353,1.1248742782883299,0.22812572171167012
1.371,2.1129956333136617,-0.7419956333136617
1.293,1.9146795832027226,-0.6216795832027227
2.279,2.354174565538502,-0.07517456553850188
0.944,1.1768900292664863,-0.2328900292664864
1.035,1.9492425219494112,-0.9142425219494112
3.208,2.1296704734527863,1.078329526547214
1.25,3.7454535700306875,-2.4954535700306875
3.324,3.2530199095874828,0.07098009041251707
1.591,1.931543178788395,-0.340543178788395
2.369,3.3035224929778333,-0.9345224929778331
4.616,4.097177916950113,0.5188220830498871
1.569,1.9573036386393714,-0.38830363863937145
1.482,1.6955332243690877,-0.21353322436908773
1.665,1.890243585020989,-0.22524358502098907
1.969,1.515871177943164,0.45312882205683613
1.678,1.9225659238075765,-0.24456592380757658
1.267,0.9642895859737672,0.30271041402623267
5.00001,2.3444598401408507,2.655550159859149
0.579,0.4887530967339728,0.09024690326602713
2.38,2.835233642078321,-0.45523364207832095
1.42,2.277866299559255,-0.8578662995592552
0.869,0.6686575208290539,0.20034247917094605
0.56,0.7134624036641646,-0.15346240366416453
5.00001,3.699301105808469,1.3007088941915308
1.124,1.7681151900244167,-0.6441151900244166
0.636,1.4210875165216592,-0.7850875165216592
4.313,3.9085432985611743,0.4044567014388254
2.659,1.7230026056466623,0.9359973943533375
0.58,1.1432544998374197,-0.5632544998374197
1.941,3.1541552119307843,-1.2131552119307842
1.428,1.9618945712156322,-0.5338945712156322
1.787,1.7015992010389716,0.08540079896102837
1.875,1.2890928132568091,0.5859071867431909
2.25,2.392649664937585,-0.14264966493758502
3.13,2.7068466196755647,0.42315338032443517
5.00001,6.523495899921059,-1.5234858999210594
1.536,2.0489173954024458,-0.5129173954024457
0.623,1.0349994242211833,-0.4119994242211833
1.945,1.4799773278493207,0.4650226721506794
1.639,2.063963462427292,-0.42496346242729177
3.988,3.522228960460161,0.4657710395398391
2.041,2.8012945836558982,-0.7602945836558983
1.993,2.8367546419722904,-0.8437546419722903
1.767,1.6227593329704417,0.14424066702955818
5.00001,4.420789237090443,0.5792207629095563
2.489,2.5177628970833035,-0.028762897083303596
1.5,1.8319608901036752,-0.33196089010367524
2.317,2.0368080365912964,0.2801919634087038
0.58,0.7491485846345243,-0.1691485846345243
1.26,1.1661550783966639,0.09384492160333613
1.633,1.867274928272477,-0.23427492827247698
1.134,1.3737157307467986,-0.23971573074679875
3.0,2.638989517246687,0.36101048275331316
3.109,3.0197954333340125,0.08920456666598753
2.188,2.1600924565978468,0.0279075434021534
0.704,1.1566014104063311,-0.4526014104063312
2.377,2.9875977547430486,-0.6105977547430488
1.188,1.3250304798634498,-0.13703047986344985
0.731,0.4334935392805306,0.2975064607194694
0.75,0.9303290644510662,-0.18032906445106622
4.507,3.9748881957243407,0.532111804275659
2.402,2.6218618846353348,-0.21986188463533463
0.658,0.6921939142901499,-0.03419391429014984
0.647,0.2594704452253087,0.3875295547746913
1.751,2.472284170647611,-0.721284170647611
2.237,2.121594002945772,0.11540599705422805
0.963,1.3569602709176312,-0.3939602709176312
4.051,3.248030966691032,0.8029690333089681
3.768,3.0931579926250308,0.674842007374969
5.00001,5.432126733327573,-0.4321167333275735
3.5,2.2394115161090946,1.2605884838909054
1.625,1.416779331830702,0.20822066816929796
1.773,2.0105153458165046,-0.23751534581650469
0.984,1.2987466710063411,-0.3147466710063411
1.388,0.4362080171029681,0.9517919828970318
1.75,2.530565002073611,-0.7805650020736108
2.609,2.205096263352493,0.4039037366475071
1.047,0.3314325816912034,0.7155674183087966
1.595,2.3208118744296127,-0.7258118744296127
2.959,2.8193133670554573,0.13968663294454275
1.375,2.2017927242890725,-0.8267927242890725
5.00001,3.8089515017736906,1.191058498226309
2.27,2.568317714074558,-0.2983177140745581
2.639,2.016727647737782,0.6222723522622178
1.604,1.6555843543140973,-0.05158435431409725
1.42,1.9459029710374893,-0.5259029710374894
1.625,2.266759238781596,-0.6417592387815958
2.304,2.176778438659909,0.12722156134009088
5.00001,3.863440752072767,1.1365692479272327
2.177,2.668587688612425,-0.49158768861242486
1.83,2.289962976854548,-0.4599629768545479
2.458,2.1311427675202563,0.32685723247974385
1.292,1.3653952536187761,-0.07339525361877608
0.604,0.5102912369374275,0.09370876306257248
0.675,1.143825654743178,-0.46882565474317794
2.952,2.7304602952641686,0.2215397047358314
1.926,2.65357691771006,-0.7275769177100602
1.506,2.1416255530062496,-0.6356255530062496
1.257,1.876523787574834,-0.6195237875748341
0.634,0.8975523659648754,-0.2635523659648754
1.513,1.400193321648355,0.11280667835164482
2.456,3.0451282265109185,-0.5891282265109186
5.00001,5.226939569568534,-0.22692956956853472
1.655,2.4633926811673974,-0.8083926811673974
1.135,1.4219549136732128,-0.2869549136732128
3.222,2.2712332755228832,0.9507667244771167
3.625,2.273118821536709,1.351881178463291
0.696,0.897429074962169,-0.201429074962169
1.561,1.9326040512530538,-0.37160405125305385
0.875,1.584136807424032,-0.7091368074240321
1.931,2.0361130480573713,-0.1051130480573712
2.18,2.280489691586672,-0.10048969158667198
1.018,1.6487842128200583,-0.6307842128200583
1.291,1.4532186449958826,-0.16221864499588268
1.563,1.4838252917468755,0.07917470825312445
1.832,2.3252082033179398,-0.4932082033179397
1.481,1.8135488635528367,-0.33254886355283664
5.00001,6.913557001141348,-1.9135470011413487
2.221,2.8959708547870227,-0.6749708547870226
1.676,2.2447409927793487,-0.5687409927793488
1.845,1.6815884446851403,0.16341155531485962
3.7,2.5335571807736614,1.1664428192263387
2.394,2.4617780410875794,-0.06777804108757923
1.667,2.1550146205001797,-0.48801462050017963
2.333,1.5468722162031632,0.786127783796837
2.4,2.1293901460269393,0.2706098539730606
0.913,0.4192621153639511,0.49373788463604895
4.835,3.964712284200206,0.8702877157997939
1.505,2.2546735499613617,-0.7496735499613618
0.995,1.013639838091157,-0.0186398380911571
2.402,1.8416691008718793,0.5603308991281208
0.955,1.9044027472604066,-0.9494027472604066
5.00001,4.89584934379331,0.10416065620668924
2.516,2.3321770961648154,0.18382290383518463
1.208,1.0365803436209957,0.17141965637900425
1.357,1.485179129397609,-0.12817912939760912
2.254,2.755017976761662,-0.5010179767616618
5.00001,2.3306767097626353,2.6693332902373643
0.851,0.1705978606464451,0.6804021393535549
5.00001,2.8388345451644406,2.161175454835559
1.648,1.985121807881222,-0.33712180788122215
1.116,0.9940685326251004,0.12193146737489968
1.61,1.3918581504502274,0.21814184954977267
2.137,2.3156013673909945,-0.17860136739099453
1.165,1.0085656450600475,0.1564343549399525
3.5,5.2775523152809605,-1.7775523152809605
1.599,2.49725222756335,-0.89825222756335
4.383,1.9808887025757156,2.4021112974242844
1.711,2.434503146577522,-0.7235031465775219
2.711,2.2436380052009395,0.4673619947990604
5.00001,1.9108669679259809,3.089143032074019
0.68,1.4020604760395678,-0.7220604760395678
1.917,1.8424188800457297,0.0745811199542703
2.559,2.7865796075031484,-0.2275796075031482
1.125,1.6878748601452473,-0.5628748601452473
1.822,1.8864846515976068,-0.06448465159760675
3.476,2.848559487760997,0.6274405122390028
3.32,2.9410488924096496,0.3789511075903502
1.109,1.1848601644564574,-0.07586016445645738
2.119,2.0795915866043666,0.03940841339563361
2.625,2.4150186401510587,0.20998135984894128
2.379,2.3828068233131248,-0.003806823313124763
0.9,1.8563442356784474,-0.9563442356784474
4.272,2.6931749323544345,1.5788250676455657
3.705,2.9661606868217576,0.7388393131782425
1.163,0.769265868966543,0.393734131033457
1.708,1.6863272519725987,0.021672748027401267
2.855,3.2872556820400956,-0.43225568204009557
1.115,1.6455467558706314,-0.5305467558706314
0.832,1.5725398612065982,-0.7405398612065982
2.482,2.6474961877657766,-0.16549618776577635
3.955,2.863441758179281,1.091558241820719
2.183,1.8710768869362893,0.31192311306371057
5.00001,3.8942619667269893,1.1057480332730103
0.889,0.7514515063068212,0.13754849369317879
1.81,1.9980623452474042,-0.18806234524740417
2.809,3.207897225635544,-0.39889722563554386
3.453,1.9829038633169715,1.4700961366830283
1.81,2.365280274893795,-0.5552802748937951
1.922,2.6581166764380035,-0.7361166764380036
0.781,0.11879577460246127,0.6622042253975388
0.75,0.8564740449853585,-0.1064740449853585
4.333,3.8123340348747834,0.5206659651252168
1.601,2.0157193971536125,-0.4147193971536125
1.092,1.0634753475970942,0.028524652402905915
0.962,1.3988257866691842,-0.43682578666918426
1.914,1.4684032929933915,0.4455967070066085
3.6,0.94912843353422,2.65087156646578
1.856,2.5240831055963104,-0.6680831055963103
1.188,0.8013933865457439,0.38660661345425607
1.227,1.4056018117977587,-0.17860181179775858
2.063,2.063425914915956,-0.0004259149159557829
1.956,1.844366133082023,0.11163386691797705
0.756,1.7020388534416757,-0.9460388534416757
1.043,0.9729274156608487,0.0700725843391512
3.859,2.363458458617756,1.4955415413822442
1.139,1.784452182965358,-0.6454521829653579
0.794,1.586754638065105,-0.7927546380651049
0.813,0.8880393292107311,-0.0750393292107312
1.292,1.9487904539946221,-0.6567904539946221
0.735,0.9159443075559321,-0.18094430755593216
1.759,2.3172418915340027,-0.5582418915340028
1.424,2.0489053165048197,-0.6249053165048197
2.341,1.9255907463039856,0.41540925369601456
2.867,2.4295106199271435,0.43748938007285654
0.925,1.4679946569775277,-0.5429946569775277
1.701,1.963933679325247,-0.262933679325247
1.618,2.2355624080078256,-0.6175624080078255
2.253,2.6442809201636406,-0.39128092016364047
1.706,1.7657994259134102,-0.059799425913410253
3.194,2.076894219012381,1.117105780987619
0.958,1.5385758976710684,-0.5805758976710684
0.734,0.9259081486901706,-0.1919081486901706
0.936,0.7394743429530457,0.19652565704695435
0.517,0.7328992229186637,-0.2158992229186637
3.587,2.2511311273076537,1.3358688726923464
0.647,0.7480358978532369,-0.10103589785323686
3.442,2.8810192348838792,0.5609807651161209
3.14,3.0073414418578035,0.13265855814219663
1.857,1.979340295631515,-0.12234029563151494
2.793,2.5642898029156687,0.2287101970843315
1.194,2.2113174843019325,-1.0173174843019326
2.804,3.0249629710398183,-0.22096297103981843
1.871,2.141346502285649,-0.27034650228564905
0.838,0.8034699774977563,0.034530022502243685
3.093,2.1275671612150537,0.9654328387849462
2.292,2.867073230351986,-0.5750732303519861
2.45,2.154310037753406,0.2956899622465943
2.276,3.0324012352961764,-0.7564012352961766
5.00001,2.8520873253731556,2.147922674626844
3.208,2.4670524685056088,0.7409475314943914
1.473,1.255680435874555,0.21731956412544506
1.623,2.4123347705713236,-0.7893347705713236
2.659,3.0456590697423347,-0.3866590697423349
5.00001,3.756642591369187,1.2433674086308124
1.891,2.225758321453619,-0.33475832145361917
3.164,3.2047098738368884,-0.04070987383688829
1.819,1.7497183341710545,0.06928166582894546
2.615,2.0465211908726286,0.5684788091273716
0.69,0.7150780470897438,-0.025078047089743816
1.813,2.0642520417499926,-0.2512520417499926
2.93,2.73958700479597,0.1904129952040301
1.111,1.724567411405925,-0.6135674114059251
2.183,2.7238285044647177,-0.5408285044647179
1.472,1.644628327947554,-0.172628327947554
2.438,1.834190680959663,0.6038093190403371
2.23,2.1402932110544137,0.08970678894558626
1.375,1.605228127456268,-0.23022812745626808
0.606,0.2530533684625116,0.3529466315374884
2.75,0.0499708346965515,2.7000291653034485
3.5,2.036981788147922,1.463018211852078
1.712,1.6970893079921376,0.014910692007862325
0.835,2.011471046906858,-1.1764710469068582
2.25,2.2763833459078713,-0.02638334590787128
1.656,1.9651428420941364,-0.30914284209413645
1.52,2.1255678863165453,-0.6055678863165452
1.92,2.0813226117205663,-0.1613226117205664
2.542,2.9126032332222205,-0.37060323322222066
1.5,1.048962368909941,0.451037631090059
2.125,2.3301595469688126,-0.20515954696881256
0.804,0.20271659405130493,0.6012834059486951
2.065,2.964467247226912,-0.8994672472269118
3.311,3.379185208594725,-0.06818520859472521
2.014,2.937330303589844,-0.9233303035898444
1.884,1.744143533236249,0.13985646676375096
1.954,2.311791622790774,-0.35779162279077403
4.425,4.047299882408623,0.37770011759137656
1.527,2.899832197723272,-1.372832197723272
5.00001,5.22890104589861,-0.2288910458986102
2.398,2.7672955364150584,-0.3692955364150583
1.594,1.302401670472089,0.291598329527911
0.918,0.9936816675083135,-0.07568166750831351
2.409,2.7347230939873697,-0.32572309398736987
1.364,1.6902704197801481,-0.32627041978014804
1.036,1.4912253061713168,-0.45522530617131673
1.325,1.618917676467283,-0.29391767646728306
2.929,2.4341602269416005,0.4948397730583993
0.628,1.27094413521514,-0.64294413521514
1.121,1.9546695666566358,-0.8336695666566358
0.891,1.5727209046979904,-0.6817209046979904
1.207,0.992661651920498,0.21433834807950203
4.714,2.603803802961594,2.110196197038406
3.147,2.6826940301625157,0.46430596983748407
2.264,2.4584372576288556,-0.19443725762885578
4.097,2.431968777139928,1.6650312228600725
1.49,1.3695953098660332,0.12040469013396682
1.717,2.9169154197037965,-1.1999154197037964
2.355,3.054035455996087,-0.699035455996087
3.228,2.6464890481860652,0.581510951813935
2.445,2.8795685682129024,-0.4345685682129026
1.622,1.545536724370455,0.07646327562954514
3.409,3.2095640621241546,0.19943593787584524
0.574,1.0318174754385345,-0.45781747543853457
1.989,2.0448610820861655,-0.05586108208616536
1.097,2.061083156785808,-0.9640831567858079
1.375,1.3850248099109377,-0.010024809910937682
0.857,1.1612295489728675,-0.30422954897286747
0.983,0.8010129101196006,0.18198708988039936
1.782,2.113440649985824,-0.331440649985824
1.375,1.5019279458192256,-0.12692794581922562
2.75,2.605093989787796,0.14490601021220417
3.815,3.192560614428504,0.622439385571496
5.00001,4.047534319769998,0.9524756802300018
5.00001,4.7960424338611745,0.20396756613882516
1.792,0.7067408873617826,1.0852591126382174
2.045,2.434414405925331,-0.38941440592533105
3.941,3.3685902137080057,0.5724097862919941
1.844,1.9638422857805327,-0.11984228578053258
1.74,1.8977118480513189,-0.15771184805131888
0.807,1.2644365036047542,-0.4574365036047542
1.896,2.3370584373105387,-0.44105843731053884
0.6,1.1853351645342727,-0.5853351645342727
1.266,1.7326782961878293,-0.4666782961878293
2.625,2.0776361910320453,0.5473638089679547
1.392,1.9864504922208535,-0.5944504922208536
0.513,0.5318114791808366,-0.018811479180836588
2.292,2.971486934161769,-0.6794869341617691
1.011,1.7740592540086857,-0.7630592540086858
0.977,1.300025575075041,-0.3230255750750409
1.583,1.4400417530191594,0.1429582469808406
3.491,3.555144341400169,-0.06414434140016878
0.855,1.4220055669490899,-0.5670055669490899
2.141,2.743627042842615,-0.6026270428426148
2.271,2.55584325632278,-0.2848432563227803
1.557,1.537492901192218,0.019507098807781897
0.668,0.9763269322854851,-0.308326932285485
2.073,2.631627652862886,-0.558627652862886
2.228,1.8944763200446753,0.33352367995532495
3.545,2.2680703814055363,1.2769296185944636
3.405,2.310682803328048,1.0943171966719518
0.529,0.8769484527074929,-0.34794845270749286
1.406,2.13371304883565,-0.72771304883565
1.508,1.5644609871742785,-0.0564609871742785
0.561,-1.0137928122566149,1.5747928122566148
2.596,2.809595949448222,-0.21359594944822202
3.189,2.513132750663973,0.6758672493360272
1.484,2.5371493946319266,-1.0531493946319266
2.899,2.3209018778478576,0.5780981221521424
1.618,2.5047221482896775,-0.8867221482896774
2.55,1.827043254040189,0.7229567459598107
0.875,1.264958916468789,-0.3899589164687891
2.45,2.797531410442015,-0.34753141044201463
3.05,2.0742239712369326,0.9757760287630672
2.15,2.1936360486883344,-0.04363604868833448
2.49,2.271216716396816,0.21878328360318422
5.00001,6.838605442085939,-1.8385954420859392
3.2,1.9984666437098344,1.2015333562901658
1.74,2.4509705912310826,-0.7109705912310826
2.925,2.8486208273127156,0.07637917268728422
5.00001,4.0439009000126145,0.9561090999873851
2.899,3.028117473758201,-0.12911747375820104
4.384,3.0746408349819556,1.3093591650180447
1.82,2.2567270038312257,-0.43672700383122565
1.705,0.7767446904581035,0.9282553095418966
0.692,1.1700844867862301,-0.47808448678623017
0.956,1.4984917239287365,-0.5424917239287366
2.728,3.138051159008345,-0.4100511590083449
0.813,2.1393216032022577,-1.3263216032022578
2.724,2.6532659804316845,0.07073401956831571
1.526,2.175233736289102,-0.6492337362891021
0.559,1.2270630013808692,-0.6680630013808692
2.135,2.417274941478124,-0.28227494147812404
3.313,1.5025888078380676,1.8104111921619326
2.018,2.339039129200626,-0.32103912920062605
0.571,1.2476711860467937,-0.6766711860467938
3.318,2.544896143795239,0.7731038562047612
3.659,2.312460500645857,1.3465394993541429
1.275,1.3155556959267383,-0.040555695926738355
1.118,1.0742751912534119,0.04372480874658824
3.537,2.809879974759217,0.727120025240783
2.293,2.4785020418265202,-0.18550204182652008
0.875,1.1735012546545258,-0.2985012546545258
2.375,1.713809483828514,0.6611905161714859
1.133,0.5163306948262052,0.6166693051737948
1.125,1.0099563499072195,0.1150436500927805
1.385,1.0729006151923905,0.31209938480760946
3.074,2.1351436840605884,0.9388563159394114
1.009,1.7620648105866974,-0.7530648105866975
0.978,1.0808336279028303,-0.10283362790283035
1.767,1.9581476757059404,-0.1911476757059405
2.18,2.180386878855645,-0.0003868788556449232
2.906,2.2146968964073714,0.6913031035926287
1.577,2.216623833899629,-0.6396238338996292
3.48,3.3171663152675444,0.16283368473245563
0.672,1.2882179520550854,-0.6162179520550853
2.604,1.988690510641919,0.615309489358081
1.236,1.2242487184154602,0.011751281584539752
0.675,0.7521962013421803,-0.0771962013421803
1.307,1.3293533030863358,-0.022353303086335874
0.66,0.5097090050919375,0.15029099490806253
1.666,2.476042434040461,-0.8100424340404611
2.256,2.113076291510191,0.14292370848980873
2.571,1.974932189280953,0.5960678107190471
5.00001,5.346940194962714,-0.3469301949627148
1.139,1.8684375659026013,-0.7294375659026013
0.91,1.6007131353345216,-0.6907131353345216
2.174,1.9070853664500893,0.26691463354991063
0.96,1.003092499820281,-0.04309249982028107
1.292,0.7925765481423057,0.4994234518576943
3.502,3.2294373337714872,0.27256266622851255
4.421,4.965818788044377,-0.5448187880443767
2.229,1.5169195206340695,0.7120804793659306
0.813,1.0483254154330868,-0.23532541543308683
1.606,1.8761440452057383,-0.2701440452057382
5.00001,3.2159841798600377,1.784025820139962
3.412,3.242950047509506,0.16904995249049382
2.879,3.118569547449967,-0.23956954744996706
3.447,3.502316046500827,-0.05531604650082711
1.8,2.4357917863648364,-0.6357917863648364
1.678,2.362358643453376,-0.6843586434533759
0.55,0.9246761920117517,-0.3746761920117516
0.508,1.0695591982920847,-0.5615591982920847
1.426,2.122529000869283,-0.696529000869283
2.358,2.349640627304172,0.008359372695827982
1.127,1.9178606084643846,-0.7908606084643846
2.102,2.450550663294421,-0.3485506632944211
2.107,1.7698752069397141,0.3371247930602861
0.654,0.888460674019679,-0.23446067401967896
1.625,1.831414689459915,-0.20641468945991504
1.503,1.4667741521165334,0.0362258478834665
5.00001,2.767179163763608,2.2328308362363916
1.014,1.98581403607755,-0.97181403607755
2.218,2.1793431333460216,0.03865686665397838
2.603,2.433344055090653,0.16965594490934732
1.788,1.6427662741087579,0.14523372589124217
1.704,1.7687835527409197,-0.06478355274091974
3.194,3.288396872285591,-0.09439687228559102
1.906,2.5365107526707744,-0.6305107526707745
1.841,1.7966777961543912,0.04432220384560881
1.911,1.9576096168764803,-0.04660961687648024
1.496,2.689873253512853,-1.193873253512853
5.00001,3.087052775122265,1.9129572248777347
1.834,2.172684935395145,-0.3386849353951451
4.441,3.5803082124348458,0.8606917875651541
2.427,2.386463759148218,0.04053624085178198
0.762,1.1686399355102826,-0.40663993551028255
1.329,2.2506705686997934,-0.9216705686997935
4.098,2.1919566406759854,1.9060433593240145
1.125,1.021554308681785,0.1034456913182149
3.766,3.1452570835152027,0.6207429164847973
0.505,1.352289674469545,-0.847289674469545
5.00001,3.2871438326419766,1.712866167358023
2.095,2.3056284634644095,-0.21062846346440933
0.778,0.3199269541340817,0.45807304586591835
2.997,2.95877786334737,0.03822213665262986
3.75,2.4407890824194656,1.3092109175805344
1.565,1.6339171010545575,-0.0689171010545575
2.4,2.4147544044468567,-0.014754404446856828
0.772,0.5758789235969348,0.1961210764030652
0.985,1.1899225689530422,-0.20492256895304217
5.00001,2.44520978308001,2.5548002169199897
1.104,2.054471785191359,-0.9504717851913589
0.864,1.7802845285968398,-0.9162845285968398
2.304,1.848537812761582,0.4554621872384179
1.639,1.9819570671468507,-0.3429570671468507
5.00001,3.9936124718173036,1.006397528182696
0.495,0.18884811483797503,0.30615188516202496
1.074,1.8713380686521364,-0.7973380686521363
3.625,2.345375759678386,1.2796242403216138
1.45,1.778779471732989,-0.32877947173298905
2.185,2.2974253328129355,-0.11242533281293543
1.301,1.860050639737855,-0.559050639737855
1.46,2.061345943676868,-0.601345943676868
1.525,0.9662444454921335,0.5587555545078664
4.572,3.5970317488882726,0.9749682511117275
1.652,2.197939173017052,-0.5459391730170522
3.947,2.031952619596827,1.915047380403173
1.444,2.050277326018561,-0.606277326018561
1.366,1.323119797008883,0.042880202991117056
2.164,2.7111484041070923,-0.5471484041070922
1.39,1.418443569087899,-0.028443569087899023
1.038,0.7142461984174702,0.32375380158252987
4.885,3.2215321812905247,1.6634678187094751
2.271,2.1532903069372002,0.11770969306279966
2.38,1.9071361842117556,0.4728638157882443
2.156,3.0849399384098213,-0.9289399384098211
2.923,3.2889239255458986,-0.3659239255458986
1.459,1.9312915234186756,-0.47229152341867553
1.873,1.4727480732270133,0.4002519267729867
1.854,1.0685032841011444,0.7854967158988557
2.8,1.6539857855905749,1.146014214409425
1.411,1.866352305210921,-0.45535230521092096
1.909,1.983765689184365,-0.07476568918436488
2.625,1.9769413461679526,0.6480586538320474
4.42,3.0043084022943645,1.4156915977056355
2.748,3.097790477088442,-0.3497904770884417
0.855,1.0222318189504445,-0.16723181895044448
2.318,2.8892689825457243,-0.5712689825457242
3.02,2.9935542858105606,0.026445714189439418
2.358,2.947408749357645,-0.589408749357645
0.722,0.9673967833761798,-0.24539678337617987
1.824,2.187026376736005,-0.3630263767360049
5.00001,3.2634926412468537,1.736517358753146
0.787,0.6411546945437543,0.14584530545624574
1.813,1.5542559192854535,0.25874408071454646
1.98,2.2147600932259555,-0.23476009322595548
1.996,2.0859539850353945,-0.08995398503539453
0.633,0.9957721374110022,-0.3627721374110022
0.94,1.2180227145114897,-0.27802271451148974
1.868,2.330348458092306,-0.46234845809230607
1.17,2.061199991434066,-0.8911999914340663
1.178,1.7647672208110055,-0.5867672208110055
1.21,1.6111320720692497,-0.4011320720692497
2.309,2.410599214014194,-0.1015992140141937
4.273,2.6802540122847143,1.5927459877152854
1.281,1.3776300597076583,-0.09663005970765837
3.847,2.0964399687144413,1.7505600312855587
2.904,2.711199804951096,0.19280019504890378
0.913,1.0973628156577415,-0.18436281565774149
0.619,0.8811582604710555,-0.2621582604710555
2.322,2.518546437338971,-0.19654643733897093
1.296,1.187397289450887,0.10860271054911297
1.275,1.233314590160222,0.041685409839777865
1.505,2.0949378657430833,-0.5899378657430834
1.875,1.640301104327943,0.23469889567205704
4.379,4.329282901122404,0.049717098877595234
1.265,2.1158371010804364,-0.8508371010804365
4.534,4.105994925623721,0.4280050743762791
2.294,2.5412129853792957,-0.2472129853792957
3.649,2.818325433846796,0.830674566153204
1.919,1.977288250103812,-0.058288250103812
0.875,0.9355809570814533,-0.06058095708145328
0.3,1.8034139719445388,-1.5034139719445387
3.357,2.645251381911038,0.7117486180889623
2.421,2.02843577447723,0.3925642255227699
1.737,2.3058537271802892,-0.5688537271802891
0.541,0.50344311582286,0.03755688417713998
2.078,2.5193865343072632,-0.4413865343072634
1.125,0.420445424267861,0.704554575732139
1.667,2.102653755016901,-0.43565375501690107
2.718,2.840538361838566,-0.12253836183856581
1.411,2.3488826244601686,-0.9378826244601686
3.75,1.3271783346426793,2.4228216653573207
1.616,1.5940607686263397,0.021939231373660384
1.594,2.2704342568997498,-0.6764342568997497
0.863,1.3493536667338968,-0.4863536667338968
2.563,2.8678124851045137,-0.30481248510451353
2.132,1.8323412036012416,0.2996587963987585
2.541,2.1801567657017094,0.36084323429829057
1.326,1.8629843873007823,-0.5369843873007822
1.693,1.1430038338584856,0.5499961661415145
3.477,2.7054083941091047,0.7715916058908951
1.597,1.9213670101360096,-0.32436701013600966
0.909,1.8533553837339454,-0.9443553837339453
2.905,2.3974566972216804,0.5075433027783194
1.899,2.1116159843560003,-0.21261598435600026
4.956,4.001265684054121,0.9547343159458794
3.333,3.504237680461503,-0.17123768046150278
1.838,2.047438623988594,-0.20943862398859414
1.89,1.7362530651670256,0.1537469348329743
1.575,1.0799116172504761,0.4950883827495238
0.666,1.160354101640299,-0.4943541016402989
1.324,1.7631099873334528,-0.43910998733345274
1.56,1.9451994535079113,-0.3851994535079113
3.481,2.170852705623647,1.3101472943763528
2.264,2.888407742776096,-0.6244077427760963
0.742,0.3032225280481011,0.43877747195189887
1.583,1.6393413926674016,-0.05634139266740168
5.00001,4.833320914356692,0.16668908564330742
1.655,1.8080960747330233,-0.15309607473302322
3.295,2.309254880253366,0.985745119746634
1.396,1.932557314616297,-0.5365573146162972
1.529,2.051170765436963,-0.5221707654369632
3.673,2.658026610636641,1.0149733893633592
0.7,0.7413253230094696,-0.04132532300946967
0.974,1.8490089867655453,-0.8750089867655453
0.659,0.9668117000299561,-0.30781170002995606
0.493,0.859129959808153,-0.366129959808153
1.541,1.8608871955508055,-0.3198871955508056
2.728,1.9490449258544937,0.7789550741455065
2.471,2.774983136149268,-0.303983136149268
2.688,1.5729859776957547,1.1150140223042455
2.476,2.04057410630655,0.43542589369344986
4.168,3.311001832148768,0.856998167851232
1.216,1.3865772052002496,-0.17057720520024966
1.717,2.1147192640526127,-0.3977192640526126
1.738,2.1642855325180164,-0.4262855325180164
2.356,2.556793599107325,-0.20079359910732508
2.601,2.3570421093292078,0.2439578906707922
2.0,1.8649656974595485,0.13503430254045146
2.966,2.6362958589470185,0.32970414105298174
3.746,2.1565941390545973,1.5894058609454027
1.778,2.5987176767881754,-0.8207176767881754
2.695,2.537210537809553,0.15778946219044698
0.62,1.2931244139028604,-0.6731244139028604
1.976,2.051901689093529,-0.0759016890935289
0.527,1.191423076701153,-0.6644230767011531
1.914,2.3611214883988207,-0.4471214883988208
3.177,2.838154878139804,0.3388451218601962
3.294,2.3364188986429686,0.9575811013570315
3.307,3.1650480976740543,0.14195190232594568
1.874,2.5993768495116347,-0.7253768495116346
2.865,2.118415255594211,0.7465847444057894
5.00001,1.3199543096253983,3.6800556903746013
1.339,2.0905477256029763,-0.7515477256029763
1.998,2.5595017839754783,-0.5615017839754783
0.45,-0.15023192339563174,0.6002319233956317
3.546,3.461436788428269,0.08456321157173097
2.638,2.7318187027933023,-0.0938187027933024
2.784,1.9649505558115485,0.8190494441884513
1.604,1.7097304414323915,-0.10573044143239141
2.413,2.7663464758374916,-0.3533464758374918
2.083,1.929523110631914,0.15347688936808623
2.636,2.8731505973353615,-0.23715059733536137
1.45,2.0834679137172616,-0.6334679137172616
1.325,2.045344694568019,-0.7203446945680192
1.838,1.8140287413071068,0.023971258692893294
0.811,1.2296018744750137,-0.4186018744750136
1.765,1.9442329153291333,-0.17923291532913344
2.555,2.0185289843093246,0.5364710156906756
1.661,2.1725859653072495,-0.5115859653072494
1.02,1.6020373670855845,-0.5820373670855845
0.861,1.4941023189734421,-0.6331023189734422
1.006,0.5319283747468635,0.4740716252531365
5.0,2.467374171578413,2.532625828421587
2.099,3.000148222141001,-0.9011482221410008
0.525,1.032023186312193,-0.5070231863121929
2.629,1.9893130057552755,0.6396869942447245
1.588,1.9545887976182423,-0.36658879761824226
2.095,1.5349714831192134,0.5600285168807868
3.5,1.6284783229987414,1.8715216770012586
2.171,2.633319713628488,-0.4623197136284882
1.414,1.3023746325536771,0.11162536744632279
0.934,0.865650967645458,0.06834903235454204
1.982,1.7506463667288799,0.23135363327112013
1.872,1.7398748254220688,0.13212517457793127
1.853,1.8185301065067323,0.03446989349326768
5.00001,6.659765419273166,-1.659755419273166
2.813,3.0618534916508167,-0.2488534916508165
1.036,1.7915852428394738,-0.7555852428394738
2.879,3.01192853014782,-0.13292853014782002
2.083,1.7613408789124572,0.321659121087543
1.75,2.950578691384568,-1.200578691384568
1.327,1.8238964972159843,-0.4968964972159844
1.72,1.6015185321613403,0.11848146783865965
5.00001,4.740622478993904,0.2593875210060954
0.64,0.5165828466139077,0.12341715338609227
2.279,2.177064758659546,0.10193524134045395
0.631,0.9522777048186719,-0.3212777048186719
0.841,1.523046548517644,-0.6820465485176441
3.392,2.8199362347222143,0.5720637652777856
1.563,1.2485621411029069,0.3144378588970931
3.836,2.657113529321435,1.178886470678565
1.371,1.818930488625779,-0.4479304886257791
0.568,1.1535953432375468,-0.5855953432375468
0.7,1.3453377023464066,-0.6453377023464066
0.963,1.040406595584963,-0.0774065955849631
0.926,1.6845167804838217,-0.7585167804838217
3.591,3.1010348141551045,0.4899651858448957
1.587,2.228108454421556,-0.6411084544215562
5.00001,2.984001894367615,2.0160081056323844
1.146,2.2336299770953842,-1.0876299770953843
4.102,3.3554878169812636,0.7465121830187367
2.819,1.8612048990531802,0.9577951009468197
1.017,0.6199223130436649,0.39707768695633505
1.693,2.072590286530332,-0.3795902865303318
2.078,1.9967589543290278,0.08124104567097201
3.272,2.518692737108693,0.7533072628913069
2.779,2.439240872520182,0.33975912747981774
1.114,1.0815059154968278,0.03249408450317226
0.806,1.6427325299052533,-0.8367325299052533
2.075,2.613195477738972,-0.5381954777389719
2.753,2.528469941725919,0.22453005827408123
4.21,3.084400768601941,1.1255992313980592
1.288,1.2967196127001435,-0.008719612700143431
3.139,2.5468792615297495,0.5921207384702503
0.676,1.6106957926595395,-0.9346957926595395
0.644,1.1766615037002488,-0.5326615037002488
1.539,1.8172846850188968,-0.2782846850188969
1.307,0.9417809819385261,0.36521901806147383
2.385,1.9605730051708192,0.42442699482918056
3.796,3.3560166811621635,0.43998331883783637
1.465,1.6746015439813848,-0.20960154398138475
1.503,2.247409957223415,-0.7444099572234151
0.803,1.5365737537484363,-0.7335737537484363
2.933,0.64552197631919,2.28747802368081
2.88,2.7022568414822112,0.17774315851778866
1.441,2.236241536233681,-0.7952415362336811
1.27,1.5189027130972352,-0.24890271309723522
1.521,2.105696583774396,-0.584696583774396
1.568,0.8034408023478847,0.7645591976521153
1.049,0.9720232125824944,0.07697678741750558
5.00001,5.430904650317174,-0.43089465031717467
1.344,2.0979977808504904,-0.7539977808504903
5.00001,5.737346451557375,-0.7373364515573755
2.728,3.002931132183736,-0.274931132183736
1.516,0.8536016150471126,0.6623983849528874
3.626,2.294769349295279,1.331230650704721
1.692,2.230535756968126,-0.5385357569681262
1.404,1.9847219522764075,-0.5807219522764075
0.437,0.9023390877473636,-0.4653390877473636
1.36,2.563767591118226,-1.2037675911182257
2.644,2.6921713689682307,-0.0481713689682306
1.522,2.1333175928266273,-0.6113175928266272
1.375,1.656667934255391,-0.28166793425539094
2.147,1.4521149422810828,0.694885057718917
1.709,2.2594369101566634,-0.5504369101566633
2.362,2.2999199709171267,0.062080029082873356
2.978,2.4736974806605043,0.5043025193394959
0.885,0.9551479670350624,-0.07014796703506243
1.276,1.6462208984789184,-0.37022089847891837
0.802,0.9960810671481684,-0.1940810671481683
3.06,2.5041517141323193,0.5558482858676808
4.364,2.051414969598412,2.312585030401588
2.389,2.4202877119818145,-0.03128771198181468
2.317,3.147273407775133,-0.8302734077751328
1.229,1.6662110359116995,-0.4372110359116994
2.182,2.4769406114768446,-0.2949406114768447
3.97,4.9090296405786376,-0.9390296405786374
2.603,1.6472597114034273,0.9557402885965729
4.357,3.1804910959941126,1.1765089040058876
1.64,2.3941534690720028,-0.7541534690720029
4.405,3.0233527293253637,1.3816472706746366
0.854,1.137570026557031,-0.283570026557031
1.019,0.9682529544450262,0.05074704555497367
1.594,2.129816401831035,-0.535816401831035
1.903,2.6067809251367846,-0.7037809251367846
1.0,1.3819308296896793,-0.3819308296896793
1.396,1.5307999254853093,-0.1347999254853094
5.00001,4.870311686877835,0.12969831312216495
1.545,2.7034220479555304,-1.1584220479555305
1.705,2.0999113607324897,-0.39491136073248967
1.106,1.3910297381407228,-0.28502973814072274
1.912,2.6016197025467616,-0.6896197025467616
2.872,3.4590441337960915,-0.5870441337960917
1.501,1.987434549137419,-0.4864345491374191
2.383,2.3000106593617318,0.08298934063826824
1.542,0.9523389148009795,0.5896610851990205
2.805,2.4166837618367016,0.3883162381632985
1.619,2.575740536518146,-0.9567405365181461
2.656,2.768948463605019,-0.11294846360501865
1.227,2.3718121743885,-1.1448121743884998
2.312,2.7267316607635186,-0.41473166076351875
3.191,2.5678724105463764,0.6231275894536235
2.313,2.2885020186589573,0.024497981341042863
5.00001,4.582956406334743,0.41705359366525663
1.212,1.2581037570468077,-0.04610375704680769
2.225,2.31113157982155,-0.08613157982154984
4.5,3.109237248453174,1.3907627515468262
1.021,1.4167234062752236,-0.39572340627522373
2.012,2.281943917319503,-0.26994391731950307
1.042,0.8722236195376256,0.16977638046237442
5.00001,5.4335072986372985,-0.4334972986372989
1.32,1.9216989627714791,-0.601698962771479
2.211,2.5152867387242894,-0.3042867387242896
1.516,1.951604408002807,-0.435604408002807
1.469,1.5473979881304483,-0.07839798813044818
1.512,2.125870707691207,-0.6138707076912069
1.651,2.2482591992768084,-0.5972591992768084
2.136,2.674414498363401,-0.5384144983634007
2.135,2.0072198795167977,0.1277801204832021
5.00001,3.4187564859365964,1.5812535140634032
4.38,3.435930660214709,0.9440693397852908
1.838,2.4375559910521214,-0.5995559910521213
3.5,2.611867811860109,0.8881321881398909
1.593,1.0104687195683553,0.5825312804316447
1.291,1.675045726115022,-0.3840457261150221
0.766,1.1095768785238678,-0.34357687852386776
2.25,1.9526066857170021,0.29739331428299787
2.308,1.7035967787413713,0.6044032212586286
4.318,3.8349014317427477,0.48309856825725195
1.91,3.01050435346559,-1.1005043534655903
0.847,1.2627976073522778,-0.4157976073522778
1.525,1.2577614804391906,0.26723851956080935
0.676,0.5680820224031151,0.10791797759688493
1.982,2.0808383436757607,-0.09883834367576072
3.063,2.041835368555979,1.0211646314440213
1.221,2.0610446460800174,-0.8400446460800173
2.761,2.1254687799641703,0.6355312200358298
1.03,0.9915590916843242,0.038440908315675815
4.091,3.0186955546186702,1.07230444538133
1.352,1.8345794998226892,-0.4825794998226891
1.216,1.1174503050559559,0.09854969494404409
1.828,1.7243297242450022,0.10367027575499788
2.28,1.7920004446856508,0.487999555314349
1.1,1.1010237573495356,-0.0010237573495355257
1.112,0.8239987381149247,0.28800126188507535
0.847,1.2039980989158834,-0.3569980989158834
4.473,3.880240086270435,0.5927599137295649
0.883,0.7968769942911016,0.08612300570889841
0.871,1.3800001627276393,-0.5090001627276393
1.875,2.203347911463227,-0.32834791146322706
1.469,1.73191461997809,-0.26291461997808985
1.031,1.295065613092878,-0.264065613092878
3.437,3.669489192169091,-0.23248919216909103
0.982,2.1778354290003046,-1.1958354290003046
2.625,1.8323627238283169,0.7926372761716831
0.774,0.41931177495944216,0.35468822504055786
1.351,2.156163730235197,-0.805163730235197
1.347,1.1198336196262106,0.22716638037378933
2.313,1.6309430925939004,0.6820569074060998
1.586,1.667090372313929,-0.0810903723139289
1.016,0.9085306012050989,0.10746939879490114
1.22,1.7566191881193878,-0.5366191881193878
3.8,3.4603520053325743,0.33964799466742557
1.894,1.740903884522363,0.1530961154776369
4.4,3.3149253879198546,1.0850746120801458
0.7,1.30501529448685,-0.6050152944868501
0.7,1.1986455369361249,-0.4986455369361249
3.335,2.7009255835171473,0.6340744164828527
1.018,1.4919082568703053,-0.47390825687030524
5.00001,6.925866970689656,-1.9258569706896562
3.605,2.816555669648127,0.7884443303518731
1.695,1.7101883731951733,-0.015188373195173188
2.056,1.6391940666811347,0.4168059333188654
1.663,1.8732287912742271,-0.2102287912742271
0.325,0.8050781775832272,-0.4800781775832272
3.627,3.149264591879921,0.47773540812007864
1.745,1.6362440261802096,0.10875597381979052
1.976,1.9643274489908007,0.011672551009199283
1.83,2.381011616113285,-0.5510116161132848
1.583,1.569550334132006,0.013449665867993899
1.002,1.839853304253616,-0.837853304253616
0.875,0.9385643903427983,-0.06356439034279826
4.611,2.181510346030045,2.429489653969955
1.902,2.8839942973711503,-0.9819942973711504
2.323,1.8516527973504684,0.47134720264953156
2.216,2.7381701237509875,-0.5221701237509873
2.269,2.2645157444883113,0.0044842555116888505
2.242,2.341455862197898,-0.09945586219789782
1.198,1.7494147099278319,-0.5514147099278319
0.782,1.1453856787498915,-0.36338567874989147
1.651,1.5559268445366796,0.0950731554633204
2.139,3.481895501612025,-1.3428955016120252
0.697,0.6629427836741901,0.034057216325809825
1.058,1.60855823710218,-0.55055823710218
0.75,1.2168680381834402,-0.46686803818344025
0.917,1.3685654156976956,-0.4515654156976956
2.695,2.793863167086155,-0.09886316708615528
0.682,0.9714205055864311,-0.28942050558643106
1.658,1.7797804016334593,-0.12178040163345938
1.546,1.67855010761887,-0.13255010761886998
4.727,3.27556343296152,1.4514365670384803
3.459,3.6735272667589847,-0.2145272667589846
2.307,2.8914993200182897,-0.5844993200182897
3.0,1.6420068719335719,1.3579931280664281
2.494,2.275120159240709,0.21887984075929134
4.357,2.6292647486487057,1.7277352513512945
2.258,2.252625634733132,0.005374365266868075
1.75,1.2176696405930634,0.5323303594069366
1.784,1.3016583609546897,0.48234163904531036
2.76,2.4579869450914593,0.30201305490854047
1.159,0.7234104672188812,0.4355895327811188
2.143,1.3025467901883234,0.8404532098116764
1.183,0.657807606607784,0.525192393392216
5.00001,2.101225574404754,2.8987844255952457
1.521,2.116192353727132,-0.595192353727132
1.404,2.2315553923222224,-0.8275553923222225
2.226,2.0058960982669642,0.22010390173303573
4.445,3.1092997078279723,1.335700292172028
5.0,3.4268870349199387,1.5731129650800613
1.633,1.5525673882069997,0.08043261179300032
1.938,2.5983720018501515,-0.6603720018501515
0.905,1.4086768952853461,-0.5036768952853461
1.152,1.7517271404044186,-0.5997271404044187
1.47,1.6786265015731296,-0.20862650157312967
2.739,2.8222589959546753,-0.08325899595467545
1.909,2.165108587874911,-0.256108587874911
0.748,0.9195593625773828,-0.1715593625773828
5.00001,1.6428702306305687,3.357139769369431
1.185,1.4598505272825226,-0.27485052728252257
5.00001,1.1152274466765215,3.884782553323478
0.55,2.119530901085742,-1.5695309010857421
0.584,1.2634587410708724,-0.6794587410708725
0.958,1.2128101395088176,-0.2548101395088176
0.992,1.6156717648915753,-0.6236717648915753
1.674,3.013356148694198,-1.3393561486941983
0.705,1.0662167067191324,-0.3612167067191324
0.675,0.9911685659169518,-0.31616856591695175
0.757,1.2248917792241991,-0.4678917792241991
1.83,2.0379871286826234,-0.20798712868262337
5.00001,4.803171264550123,0.19683873544987662
0.973,1.3709541858978576,-0.3979541858978576
2.3,2.5932449753322584,-0.2932449753322586
0.829,1.5577086201886696,-0.7287086201886697
0.522,1.2012824583352075,-0.6792824583352075
1.148,1.9695447945974263,-0.8215447945974264
0.88,1.6452520845472254,-0.7652520845472254
2.242,2.2551003536003242,-0.013100353600324244
1.5,1.732845468189332,-0.23284546818933194
3.417,2.9503172544743896,0.4666827455256102
1.817,1.9201983494618962,-0.10319834946189621
1.406,1.7238356500526917,-0.31783565005269176
0.727,0.5076543948881831,0.2193456051118169
2.109,1.8873431240734315,0.22165687592656846
0.977,0.5445583079267697,0.43244169207323024
1.097,0.850334800431672,0.246665199568328
1.656,1.8884774740721157,-0.23247747407211583
2.306,1.8633205369255899,0.4426794630744102
1.638,1.9387419386157652,-0.30074193861576526
0.958,0.3484716302959936,0.6095283697040064
0.481,0.3420410556283615,0.13895894437163847
0.444,0.8054535274508206,-0.36145352745082054
2.379,2.9342910100999795,-0.5552910100999795
2.848,3.431014788156948,-0.5830147881569481
1.648,1.5082938128130574,0.1397061871869425
2.0,1.6264919515806,0.3735080484194
0.778,0.9700413799423564,-0.19204137994235637
1.86,1.9046498640255904,-0.04464986402559035
1.697,1.8873740188844814,-0.19037401888448136
4.188,2.2872698233493396,1.9007301766506601
0.733,0.9357671929684921,-0.2027671929684921
0.87,1.735321196614536,-0.8653211966145361
1.682,2.377501071705707,-0.6955010717057069
1.543,1.927045940318077,-0.38404594031807715
2.25,4.013246765300911,-1.7632467653009112
3.33,2.8724325117654512,0.45756748823454885
2.259,2.1979396516469443,0.06106034835305563
1.381,1.6395830789759938,-0.25858307897599375
1.127,1.3398990968022808,-0.2128990968022808
2.316,2.2553810671671,0.06061893283289965
4.191,2.309019487687593,1.8819805123124067
2.211,1.8670642995581286,0.3439357004418713
1.554,1.6088394837127549,-0.05483948371275482
1.517,1.1433817456707158,0.3736182543292841
2.489,3.264170888202366,-0.775170888202366
1.532,0.8299887254225784,0.7020112745774216
1.265,1.5096051922831588,-0.2446051922831589
2.4,2.3658191609829107,0.03418083901708924
1.861,2.0625423483602328,-0.20154234836023277
5.00001,4.0739284896578525,0.9260815103421471
1.816,1.5665367952092297,0.24946320479077033
1.781,2.3268107107133176,-0.5458107107133177
0.692,0.792893942513373,-0.10089394251337302
0.668,0.78542568712202,-0.11742568712201995
5.00001,4.278286490973327,0.7217235090266723
1.813,2.3634253523711144,-0.5504253523711145
3.964,3.5961624664983587,0.3678375335016413
1.875,2.5114689601569062,-0.6364689601569062
2.979,3.166838194411522,-0.18783819441152172
3.454,2.620965240526693,0.833034759473307
2.451,2.5278134459536203,-0.07681344595362027
1.055,1.5824597199934094,-0.5274597199934095
1.011,0.7891422337756862,0.22185776622431375
1.417,1.7622182536938067,-0.34521825369380665
4.309,3.112707534066315,1.196292465933685
2.863,2.1692062716147116,0.6937937283852884
1.13,1.3620149082787643,-0.23201490827876436
4.667,3.7623929760226833,0.9046070239773165
1.686,1.8794715877662882,-0.19347158776628826
3.605,2.6201869389095647,0.9848130610904353
2.564,2.4639206502247903,0.10007934977520971
1.139,1.971704000015494,-0.8327040000154939
3.504,3.2127995313791544,0.2912004686208456
2.091,2.37245520482659,-0.2814552048265897
1.315,1.7132590031083057,-0.39825900310830575
2.167,2.8452110080852453,-0.6782110080852455
1.013,0.9147105914164686,0.0982894085835313
2.028,2.275481454408919,-0.247481454408919
1.176,1.9477536705731087,-0.7717536705731087
2.926,2.5498552172268636,0.37614478277313657
5.00001,6.077204848784799,-1.0771948487847993
1.303,1.3368044165801982,-0.03380441658019828
0.924,0.7349890806786787,0.1890109193213213
1.125,1.443560376100299,-0.3185603761002991
1.542,1.0673094487657666,0.4746905512342334
1.04,1.1200185570782577,-0.08001855707825767
1.216,1.826439492553794,-0.6104394925537939
2.063,1.98585610418276,0.07714389581724013
1.083,1.6128630967633097,-0.5298630967633098
3.494,3.2459199660640348,0.24808003393596545
0.833,-0.05302600075291064,0.8860260007529106
2.458,2.8678409408340446,-0.40984094083404443
0.915,1.652653576748843,-0.737653576748843
5.00001,4.692415118342942,0.3075948816570575
5.00001,2.1228721162691024,2.877137883730897
1.905,1.756705167492253,0.1482948325077471
1.083,1.3801066123903771,-0.29710661239037717
0.896,1.0335827191493856,-0.13758271914938558
5.00001,5.085385145474223,-0.08537514547422376
0.946,1.771655632793535,-0.8256556327935352
0.675,4.236214666883658,-3.561214666883658
1.775,2.6175452142709323,-0.8425452142709324
2.613,2.651504408008209,-0.03850440800820909
5.00001,1.9917824003038291,3.0082275996961707
1.684,2.5194413323040794,-0.8354413323040795
2.453,2.6906606921928535,-0.23766069219285368
2.4,3.0901779064612165,-0.6901779064612166
1.565,1.3292021611485618,0.23579783885143812
5.00001,2.2820163565344354,2.7179936434655643
2.356,2.5590583857964266,-0.20305838579642677
1.856,2.4494003755555074,-0.5934003755555073
3.167,1.6980173290224725,1.4689826709775273
1.188,0.3311769915612144,0.8568230084387856
2.485,2.4289394319504236,0.056060568049576265
2.365,2.451385839247474,-0.08638583924747367
0.946,1.1281923276461756,-0.18219232764617566
1.768,1.877060847863408,-0.10906084786340808
1.486,1.8221410395033617,-0.3361410395033617
1.953,2.4318112837897843,-0.4788112837897842
2.159,2.655453744432669,-0.4964537444326691
1.266,2.3088364428314763,-1.0428364428314763
1.739,1.7232034702375092,0.015796529762490907
1.83,1.7870391726985224,0.042960827301477655
0.743,1.0373774342626845,-0.2943774342626845
2.247,2.2057585226249175,0.041241477375082436
1.016,1.4877466848177145,-0.47174668481771453
3.91,3.0492709846207844,0.8607290153792158
2.65,2.1896302781274106,0.4603697218725893
5.00001,4.306058670192546,0.6939513298074536
1.865,2.6235969799448404,-0.7585969799448404
0.78,0.6334427941351559,0.1465572058648441
0.808,1.1377145159682316,-0.32971451596823154
1.896,2.3876994994024363,-0.4916994994024364
1.992,2.2685121614731334,-0.2765121614731334
1.896,2.488902473708163,-0.592902473708163
1.6,1.982486723404632,-0.38248672340463186
3.753,3.8985194350212504,-0.1455194350212503
1.667,1.7492063985515292,-0.08220639855152911
2.156,2.284265828899337,-0.12826582889933702
2.286,2.4636265348518336,-0.17762653485183355
1.713,2.050057561109842,-0.33705756110984186
4.31,3.5135482888259415,0.7964517111740581
2.751,2.7594310955436328,-0.00843109554363286
2.768,3.519298633810365,-0.7512986338103653
0.463,0.8585104156470074,-0.39551041564700734
1.44,1.5507752239548032,-0.11077522395480321
0.943,0.645274577804007,0.29772542219599296
1.576,1.338560157062775,0.2374398429372251
1.945,2.2734935952883872,-0.3284935952883872
3.511,2.0981593242391186,1.4128406757608816
4.534,2.0384763939981316,2.495523606001868
2.246,1.8038677038563482,0.4421322961436518
1.556,1.8830439513447947,-0.3270439513447947
2.42,4.113904644025357,-1.6939046440253573
0.7,1.5767935312571926,-0.8767935312571926
0.713,1.2535219622750107,-0.5405219622750107
0.668,1.0016145269757064,-0.33361452697570637
1.531,2.5172710751457408,-0.9862710751457409
1.375,1.764021578693697,-0.389021578693697
2.304,2.6523038922938293,-0.3483038922938295
2.422,2.884069702975461,-0.462069702975461
3.019,2.543331917012184,0.47566808298781593
4.158,3.1755281953792642,0.9824718046207361
1.565,2.1255868339200474,-0.5605868339200475
0.786,0.343431157177851,0.44256884282214903
4.414,3.6741337669246947,0.739866233075305
1.843,1.9812183719894951,-0.13821837198949516
2.765,3.219771164498721,-0.4547711644987209
2.328,1.9486033235018172,0.37939667649818265
0.604,0.8156236876824794,-0.2116236876824794
2.241,2.1759387200860747,0.06506127991392541
4.39,2.9737248485677954,1.4162751514322043
1.231,0.7301586325055405,0.5008413674944596
2.557,2.9661382337082483,-0.4091382337082483
0.576,0.6661412432290228,-0.09014124322902284
1.998,2.490962479074961,-0.49296247907496116
0.513,0.9553015423617166,-0.4423015423617166
3.482,3.4488501299111336,0.033149870088866606
3.628,3.213795645853374,0.41420435414662604
2.403,2.39178219162284,0.011217808377160132
0.736,1.1695411116131635,-0.43354111161316355
1.726,1.7834738375229946,-0.05747383752299462
2.29,2.2945976521367344,-0.004597652136734354
1.663,2.0199843630278167,-0.35698436302781666
0.833,1.0611266818425937,-0.22812668184259377
5.00001,3.957902819021391,1.0421071809786087
3.329,3.135147310726768,0.19385268927323196
0.543,1.2400417569716367,-0.6970417569716366
2.417,2.4240284651272774,-0.007028465127277617
3.875,3.0711213284363574,0.8038786715636426
1.364,1.720705078564246,-0.3567050785642458
0.983,2.1161946363861026,-1.1331946363861025
1.76,1.8788137555676847,-0.1188137555676847
0.63,0.8365684176911863,-0.20656841769118628
2.369,1.9093724393597262,0.459627560640274
0.972,1.869203841749433,-0.897203841749433
2.2,1.3557932718226018,0.8442067281773984
1.058,1.6278649123498572,-0.5698649123498571
2.709,2.9297876945492227,-0.22078769454922265
0.994,1.503227447544214,-0.509227447544214
1.663,1.5520392832812875,0.11096071671871255
1.438,1.7144942356511934,-0.27649423565119347
1.406,1.9554394384577172,-0.5494394384577173
3.309,3.0714259481094395,0.2375740518905607
1.569,2.1298267205442905,-0.5608267205442905
5.00001,3.444200496041449,1.5558095039585504
1.625,0.8504890029904297,0.7745109970095703
1.248,0.7516591386681686,0.4963408613318314
2.161,1.558260469447979,0.6027395305520211
1.714,1.8445431295561403,-0.13054312955614034
3.256,2.7205778831506664,0.5354221168493334
1.098,1.0308255604087941,0.06717443959120595
2.762,2.5505469938212606,0.2114530061787394
1.299,1.6287909408312446,-0.3297909408312447
2.923,2.4062751677714562,0.5167248322285438
3.415,3.185675657561289,0.22932434243871125
0.668,0.41491999265450286,0.2530800073454972
2.388,2.2416461785083874,0.14635382149161247
0.774,0.6768422505099059,0.09715774949009415
0.824,0.26683484218275844,0.5571651578172415
3.599,2.962063005395218,0.636936994604782
4.657,3.402699443635842,1.254300556364158
2.14,2.3108523903164486,-0.1708523903164485
1.071,1.425307570308377,-0.3543075703083771
1.578,2.282813397709556,-0.7048133977095559
1.193,1.881896108163423,-0.6888961081634228
2.329,2.3599941056626808,-0.03099410566268057
1.795,2.436724950447111,-0.6417249504471112
0.701,0.4635897906642037,0.23741020933579626
0.55,0.6225812487129692,-0.07258124871296912
0.659,0.8275441391072254,-0.16854413910722532
0.996,1.14516680274962,-0.14916680274962002
5.00001,4.730248435881138,0.26976156411886176
1.641,2.492699653474359,-0.851699653474359
0.77,0.6836402966626383,0.08635970333736176
1.403,1.0054908986927202,0.3975091013072798
1.729,1.411217599116267,0.3177824008837331
5.00001,2.0685796304928203,2.9314303695071793
3.143,1.9745779168580384,1.1684220831419614
5.00001,2.628819137035852,2.3711908629641476
5.00001,5.895145758362734,-0.8951357583627342
1.43,1.7161687642519439,-0.28616876425194393
2.806,2.386503244541755,0.41949675545824494
3.75,2.0796248340786416,1.6703751659213584
1.375,1.5887169329102573,-0.21371693291025728
3.371,3.2232832685517683,0.14771673144823172
1.28,1.3695801561733896,-0.08958015617338955
1.854,1.9511143475641712,-0.09711434756417114
0.63,0.6244273466570156,0.005572653342984402
1.095,2.3412573692329106,-1.2462573692329106
4.0,1.2077841622699088,2.792215837730091
1.519,2.596130676861616,-1.0771306768616162
0.563,0.62665045146275,-0.06365045146275006
1.025,0.4824295072593119,0.542570492740688
2.25,2.1319234715842903,0.1180765284157097
1.455,1.9952468118902928,-0.5402468118902928
3.631,2.3033682374127435,1.3276317625872562
2.49,1.8102870728624456,0.6797129271375546
4.153,3.311841977824627,0.8411580221753727
2.674,2.487587318738471,0.18641268126152877
0.75,1.12176553424861,-0.3717655342486099
2.5,2.1777436507992998,0.32225634920070023
1.618,1.4469080686017857,0.17109193139821444
0.975,0.6955215583991867,0.27947844160081325
1.115,1.862014503086915,-0.7470145030869151
0.873,0.8834100968848504,-0.010410096884850395
2.729,1.89208729654765,0.83691270345235
1.244,0.9797168405518706,0.2642831594481294
2.287,2.895161166238909,-0.6081611662389093
2.295,2.693945341572019,-0.398945341572019
1.625,1.9006333137213702,-0.27563331372137023
0.8,2.1122080290716774,-1.3122080290716773
1.188,1.691314873037122,-0.503314873037122
2.442,3.28143919712298,-0.8394391971229798
1.875,2.1769651896212987,-0.3019651896212987
2.46,2.3248616772111523,0.13513832278884763
1.026,1.3452783906772372,-0.3192783906772372
1.167,0.7200360421678114,0.4469639578321887
1.375,1.1713021591461104,0.20369784085388964
1.719,2.8283983914938027,-1.1093983914938026
1.031,1.3595364253907047,-0.3285364253907048
2.391,2.464364324844712,-0.07336432484471178
1.94,2.4659237893009864,-0.5259237893009865
2.199,2.1588121521134003,0.04018784788659957
3.8,3.787067078197368,0.012932921802631725
1.557,1.721559555422178,-0.16455955542217815
0.899,0.37720128724470436,0.5217987127552957
0.893,1.8111462671814844,-0.9181462671814844
0.55,0.6456735476094297,-0.0956735476094297
0.498,0.9728108611643105,-0.4748108611643105
1.464,1.6961298196574375,-0.2321298196574375
2.78,3.1489783185596036,-0.36897831855960384
2.887,3.3181754723513164,-0.43117547235131637
1.292,2.1940422435709674,-0.9020422435709674
2.216,2.569357170661688,-0.3533571706616878
0.856,2.8202403874716113,-1.9642403874716114
1.604,1.9422794889786912,-0.3382794889786911
0.576,0.5966764241592823,-0.02067642415928239
3.485,2.5494796378551996,0.9355203621448003
1.994,2.7298650618067235,-0.7358650618067235
0.971,1.6035432505896845,-0.6325432505896845
0.581,1.1337721508212228,-0.5527721508212229
3.01,2.6526845023325887,0.3573154976674111
0.742,1.4149343210037175,-0.6729343210037175
2.494,1.923438283109886,0.5705617168901143
2.67,2.731965734353855,-0.061965734353854884
1.199,1.1891977689066042,0.009802231093395841
0.777,0.38433186818905885,0.3926681318109412
1.434,1.4538255893655174,-0.019825589365517482
0.612,0.5795311490468644,0.032468850953135564
2.068,2.4121179656612717,-0.3441179656612716
3.282,3.0142922569577406,0.2677077430422594
3.606,2.67778094565432,0.9282190543456799
1.078,1.691575197626145,-0.613575197626145
0.515,0.46596263507707425,0.049037364922925764
0.675,1.1116191799856638,-0.4366191799856638
1.841,1.715661893412789,0.125338106587211
2.0,1.7560642606968382,0.2439357393031618
3.54,1.614471148510996,1.925528851489004
3.938,2.003084949546891,1.934915050453109
1.321,2.1194321377312324,-0.7984321377312324
3.065,2.844290191260118,0.220709808739882
1.349,1.6127299100148065,-0.2637299100148065
3.193,3.094716016035921,0.098283983964079
3.039,2.641289875280608,0.39771012471939216
3.5,1.574149134522824,1.925850865477176
2.312,2.4453516603988255,-0.13335166039882562
1.313,2.3546291642936854,-1.0416291642936855
1.208,1.8764001306671312,-0.6684001306671312
1.352,1.103521235727892,0.24847876427210802
0.689,1.3768148360124484,-0.6878148360124484
4.25,2.6659789175636734,1.5840210824363266
1.605,1.744113201109701,-0.13911320110970093
1.51,2.0860365136656256,-0.5760365136656256
3.495,3.9138160670174376,-0.41881606701743745
0.602,1.0059833403457719,-0.4039833403457719
3.964,2.9365346311369898,1.0274653688630102
2.785,2.3712453398246827,0.4137546601753175
2.393,1.0772732560063285,1.3157267439936713
2.249,2.199141190020457,0.04985880997954295
0.913,1.4050342749991291,-0.4920342749991291
1.114,1.4854009170914477,-0.3714009170914476
1.508,1.7491046585822092,-0.2411046585822092
0.647,0.6272095387808938,0.019790461219106215
3.588,2.921115243245592,0.6668847567544081
2.328,2.482704368935849,-0.15470436893584916
0.544,-0.13469451197738147,0.6786945119773815
0.982,0.8755994489489733,0.10640055105102664
2.258,2.1296403625930194,0.12835963740698064
1.161,1.9395279366224054,-0.7785279366224054
1.964,1.9320741609359544,0.03192583906404556
1.232,0.718688785836616,0.513311214163384
1.564,2.51955078667915,-0.9555507866791499
1.668,2.1201971320621884,-0.4521971320621885
2.159,2.131298297822853,0.027701702177146625
1.173,1.6004574752186969,-0.4274574752186968
2.432,1.5808879534196827,0.8511120465803172
0.729,1.2988315826528751,-0.5698315826528751
1.917,2.362719037404401,-0.4457190374044011
0.6,1.550451444215609,-0.950451444215609
1.954,2.2601126794838526,-0.3061126794838527
1.116,2.0091188590032774,-0.8931188590032773
2.685,2.2258106128891173,0.45918938711088275
2.6,2.556110868589237,0.04388913141076323
0.894,0.9758907002509609,-0.0818907002509609
2.352,3.391117996736537,-1.039117996736537
3.861,2.059955802408032,1.8010441975919682
1.875,1.5280377755741923,0.3469622244258077
2.234,2.033130590352702,0.20086940964729783
1.203,1.9518960922388044,-0.7488960922388044
1.358,1.0231572629042798,0.3348427370957203
3.074,2.2848204200758384,0.7891795799241614
3.268,2.7621496570645654,0.5058503429354344
0.703,0.3683795343060554,0.33462046569394455
0.682,0.8017644013701082,-0.11976440137010813
1.146,0.8790529946634948,0.26694700533650506
1.772,2.6831627441299695,-0.9111627441299694
0.819,1.3037465949568343,-0.48474659495683436
0.906,1.742601877720906,-0.836601877720906
0.568,0.9952695017696129,-0.427269501769613
3.238,2.9894305005625825,0.24856949943741746
2.444,1.045446839990878,1.3985531600091219
1.443,1.708981724138706,-0.2659817241387059
1.642,1.5120321654410938,0.12996783455890615
2.376,2.9058176445026374,-0.5298176445026375
2.43,2.5585869211843213,-0.12858692118432113
0.833,1.1252879717641455,-0.29228797176414556
0.875,2.1320429185507783,-1.2570429185507783
1.317,1.4706752249154966,-0.15367522491549668
0.47,0.4138804893876691,0.05611951061233089
1.953,1.919660233436787,0.033339766563213136
1.841,2.1744531468841406,-0.3334531468841406
1.288,0.5639390065032144,0.7240609934967857
1.182,0.5139303077492123,0.6680696922507876
2.128,1.738968377760548,0.3890316222394521
1.413,0.6664998987885089,0.7465001012114911
2.271,1.8733056807095663,0.39769431929043364
0.808,2.2652575809684348,-1.4572575809684347
2.013,2.0123567739443673,0.0006432260556326064
1.833,1.9342341066408653,-0.1012341066408653
1.55,1.6539518581273511,-0.10395185812735108
1.438,2.0309390307309476,-0.5929390307309477
1.375,2.5667488088968198,-1.1917488088968198
2.801,1.8015075313140967,0.9994924686859035
2.459,2.4601387568580186,-0.0011387568580185636
2.436,2.1371183410818966,0.29888165891810337
1.03,1.6180517326332495,-0.5880517326332495
1.038,0.9802477460837582,0.057752253916241836
2.359,1.8288775465861837,0.5301224534138163
1.619,2.3033909699336963,-0.6843909699336963
3.944,2.3417148578404663,1.6022851421595337
1.458,1.2072633707903855,0.2507366292096145
1.848,2.5111293479925894,-0.6631293479925893
2.423,2.3511873075193614,0.0718126924806386
3.355,2.161016585859296,1.1939834141407042
1.655,1.4134859178465706,0.2415140821534294
2.048,3.135590733122621,-1.087590733122621
1.597,1.2490606774119382,0.3479393225880618
1.691,1.5369841345501096,0.15401586544989043
4.786,2.3027004818479306,2.483299518152069
2.589,2.1437397017809445,0.44526029821905544
3.24,2.444320128553444,0.795679871446556
1.031,0.5829235908477672,0.4480764091522327
1.381,1.5926050078744403,-0.21160500787444025
0.916,1.3093163286020575,-0.39331632860205745
2.289,3.008564012366251,-0.7195640123662508
1.388,1.447107572667598,-0.05910757266759803
2.522,2.2085298337031083,0.3134701662968915
4.203,3.5119140366606514,0.6910859633393489
2.436,2.821177608153567,-0.38517760815356716
1.421,1.8252167714174758,-0.4042167714174758
0.675,0.9487174829301859,-0.27371748293018583
0.928,1.8184481280989049,-0.8904481280989048
1.908,2.4476330812172336,-0.5396330812172336
2.239,2.0341697386673445,0.20483026133265536
1.434,1.8778389581409436,-0.44383895814094365
1.327,0.3667451655188172,0.9602548344811828
0.99,1.1483545491496385,-0.15835454914963853
0.677,0.7702633001716361,-0.09326330017163609
2.274,2.8753323358600116,-0.6013323358600116
2.286,2.4316716822739766,-0.14567168227397653
1.358,1.5851574047536574,-0.2271574047536573
3.621,3.1548253819109617,0.46617461808903826
2.813,2.6610821875619104,0.15191781243808977
5.00001,5.019110514023618,-0.01910051402361823
0.906,1.7807459708426714,-0.8747459708426714
0.663,1.1835506320632985,-0.5205506320632984
1.502,1.3060363228198741,0.19596367718012586
1.703,1.702946816634491,5.318336550907965e-05
0.993,0.09873187460785848,0.8942681253921415
3.229,2.583758360828008,0.6452416391719922
2.132,0.6137914331854968,1.5182085668145033
2.17,2.3129391638301677,-0.1429391638301678
2.679,1.9341477410220753,0.7448522589779245
2.063,1.8212340438838024,0.24176595611619778
3.768,2.347315288075532,1.4206847119244679
0.875,0.785057748224979,0.08994225177502102
3.047,2.395288129304632,0.651711870695368
4.602,2.888725273646243,1.7132747263537573
1.285,1.5981375524027384,-0.31313755240273844
2.846,3.2542862512478035,-0.4082862512478034
1.196,1.5255231821464,-0.3295231821464
2.086,2.2188606460860867,-0.13286064608608683
1.175,2.3397468683329916,-1.1647468683329916
0.669,0.8267334363304741,-0.1577334363304741
2.048,1.7920300263632125,0.25596997363678753
0.746,1.2525847057951425,-0.5065847057951425
1.091,1.5818766995362807,-0.49087669953628077
1.143,1.9545142776518558,-0.8115142776518558
3.083,2.4999451227672655,0.5830548772327346
1.13,1.1435543697805437,-0.013554369780543807
0.917,0.6343236681613169,0.2826763318386831
1.342,1.592537812447623,-0.25053781244762297
4.25,2.0501005065504243,2.1998994934495757
0.539,0.8164707365154071,-0.2774707365154071
3.106,2.2807588519028226,0.8252411480971773
2.417,2.3003629501058414,0.11663704989415846
2.268,2.640671734530002,-0.37267173453000213
1.008,2.070774740775875,-1.062774740775875
2.38,2.1536880382866306,0.22631196171336931
2.455,2.0211591753547653,0.43384082464523477
1.565,2.340459795869904,-0.7754597958699039
1.156,2.5710003836456714,-1.4150003836456715
0.664,1.0391990189244573,-0.3751990189244573
0.588,1.0562574921522228,-0.4682574921522228
2.236,2.1590796716303133,0.07692032836968687
1.693,2.207100209813882,-0.5141002098138818
1.667,1.4112135690487302,0.25578643095126985
2.25,2.485266599360708,-0.23526659936070793
0.726,0.8031433332991833,-0.07714333329918333
1.603,2.040546257556855,-0.43754625755685495
1.475,1.4927636854971476,-0.017763685497147463
0.912,1.5753090946795316,-0.6633090946795316
2.083,1.5030054471720133,0.5799945528279868
3.353,2.3476146907815343,1.005385309218466
0.58,0.3720341037741841,0.20796589622581585
2.265,1.9924292489155226,0.2725707510844775
3.452,3.8450501032449544,-0.3930501032449545
1.068,1.3028699600398919,-0.2348699600398918
5.00001,0.8516218046365784,4.148388195363421
2.75,2.4022311380956336,0.3477688619043664
0.958,0.9710580623013771,-0.013058062301377182
0.972,1.57681793995288,-0.6048179399528801
1.55,1.4570747817238194,0.09292521827618061
4.0,3.900766357256267,0.09923364274373281
5.00001,1.8764196858179805,3.123590314182019
3.043,3.0337997132362178,0.009200286763782373
3.592,3.16360690038699,0.4283930996130101
1.447,1.7232528616297138,-0.27625286162971374
3.528,2.3429154636609826,1.1850845363390174
3.556,2.832055717042842,0.7239442829571581
0.991,1.59173380880021,-0.60073380880021
2.504,2.293225957347791,0.21077404265220911
1.056,1.310994744886019,-0.25499474488601903
5.00001,3.995830354469115,1.0041796455308845
1.62,1.9611282628417144,-0.34112826284171427
2.722,2.878682229049055,-0.15668222904905482
2.459,3.2261278284622694,-0.7671278284622693
1.833,1.8650210344926625,-0.03202103449266258
2.207,2.84224669633086,-0.6352466963308601
1.61,2.293026939307442,-0.6830269393074417
3.039,3.0467280015563656,-0.007728001556365438
2.662,2.264097799932059,0.3979022000679411
0.901,1.2447284670445014,-0.34372846704450133
0.875,1.5635383243224155,-0.6885383243224155
2.094,1.8697952299613112,0.22420477003868866
1.887,1.7937743819464278,0.09322561805357221
1.014,1.6539713924946082,-0.6399713924946082
3.875,3.665927078756919,0.20907292124308086
3.591,2.6443974849889393,0.9466025150110609
3.273,1.9789126819376648,1.2940873180623353
2.792,2.4220358812572993,0.3699641187427005
2.336,3.1619269921094904,-0.8259269921094905
1.635,2.7307462569228744,-1.0957462569228744
1.242,2.331542479874347,-1.0895424798743472
4.5,2.4290719297129155,2.0709280702870845
1.119,1.5816373617180046,-0.4626373617180046
0.908,1.508875004214068,-0.6008750042140679
1.206,2.6323206956963077,-1.4263206956963077
4.838,3.1975282819144026,1.6404717180855974
3.667,2.373505130930806,1.2934948690691939
2.01,1.991919187725529,0.018080812274470892
3.336,2.7317777996372703,0.6042222003627296
3.625,2.155996874803914,1.4690031251960858
1.701,1.9419728028466763,-0.24097280284667622
2.467,2.8693047303849375,-0.4023047303849374
1.612,1.856198469095718,-0.24419846909571796
1.47,1.0052932441178815,0.4647067558821185
1.179,1.8617433858207568,-0.6827433858207568
1.113,0.8275591468195937,0.28544085318040624
2.665,2.644992558363188,0.020007441636812118
1.135,1.6269052647525164,-0.4919052647525164
3.291,2.338828680983962,0.9521713190160379
5.00001,2.978236512074512,2.0217734879254876
2.365,1.895112360628449,0.4698876393715512
1.222,1.3179113263133075,-0.09591132631330757
0.819,0.3374800117459422,0.48151998825405773
3.864,3.329883070428094,0.5341169295719057
1.848,2.1196223692658624,-0.27162236926586236
1.607,2.8068005271001213,-1.1998005271001213
1.016,1.1018109842935402,-0.08581098429354017
4.24,3.1729379087774863,1.067062091222514
2.625,2.6571176164540686,-0.03211761645406863
3.694,2.156922106119095,1.5370778938809049
1.151,2.2457888737439653,-1.0947888737439653
2.817,2.199318469592953,0.6176815304070473
0.981,1.66950726307953,-0.68850726307953
1.311,1.7936318157703397,-0.48263181577033976
2.518,2.1258592539407037,0.39214074605929605
2.327,2.660666909127365,-0.33366690912736496
1.392,1.2034300239786768,0.18856997602132308
0.715,1.2699448396841824,-0.5549448396841824
3.405,2.834096721469414,0.5709032785305856
2.708,2.1889000694046574,0.5190999305953428
1.556,1.6013348498907645,-0.04533484989076442
0.892,1.0151990597413056,-0.12319905974130563
1.67,2.478208319853465,-0.8082083198534651
1.031,0.8085591618543151,0.22244083814568483
1.805,2.285920112141725,-0.48092011214172525
0.512,1.0783181200603773,-0.5663181200603773
2.046,2.393878441940885,-0.34787844194088535
3.872,2.150256575192213,1.7217434248077867
1.625,1.5365604837442486,0.08843951625575142
1.204,1.6049005959705083,-0.4009005959705083
1.397,1.329753460396885,0.067246539603115
0.982,1.1311732718856844,-0.1491732718856844
2.694,2.9358070165798678,-0.2418070165798678
2.691,2.311446849249189,0.379553150750811
5.00001,2.8008804493392194,2.19912955066078
0.496,0.774507253023017,-0.27850725302301704
0.58,0.7990198204093442,-0.2190198204093442
0.659,0.9111996536823406,-0.25219965368234054
1.754,2.320247764203798,-0.5662477642037982
3.918,3.4266652399961233,0.4913347600038769
2.808,2.08452171536981,0.7234782846301897
0.907,1.5243194352321772,-0.6173194352321771
5.00001,5.054819316147096,-0.05480931614709661
0.923,1.6391592163838231,-0.7161592163838231
2.271,2.7552513785912778,-0.48425137859127787
1.625,1.5826709224236186,0.04232907757638138
2.909,2.962149052533606,-0.053149052533606245
1.831,1.893083291324433,-0.06208329132443313
2.832,3.27270058973512,-0.44070058973511994
1.774,2.7300715609367585,-0.9560715609367585
2.387,2.7454095477479434,-0.3584095477479434
3.213,2.4686459644340704,0.7443540355659297
2.615,2.8489008315070885,-0.2339008315070883
0.993,1.629547532124779,-0.636547532124779
2.261,2.4964071569759456,-0.2354071569759455
0.517,0.578345498318853,-0.06134549831885294
1.569,1.9866985816848692,-0.4176985816848693
1.609,2.015822031370922,-0.4068220313709219
2.224,2.2126661922069233,0.011333807793076911
3.052,2.7707894322864917,0.2812105677135084
1.388,1.999875413384282,-0.6118754133842821
2.307,2.8546526998963104,-0.5476526998963105
0.943,1.2956481120829595,-0.35264811208295954
0.972,1.612984668257903,-0.640984668257903
3.821,2.77187553582997,1.0491244641700304
1.932,2.5603472729933814,-0.6283472729933814
2.095,1.8603344975753184,0.23466550242468176
2.314,1.9154843379115025,0.39851566208849754
0.893,1.856469119589582,-0.9634691195895819
1.961,2.202020835570302,-0.24102083557030185
1.135,1.1299408600295096,0.005059139970490456
1.784,2.3215922774029774,-0.5375922774029773
4.065,2.4231521457116365,1.6418478542883639
2.282,2.320416605641261,-0.038416605641260926
2.348,2.3431126117990178,0.004887388200982112
2.313,2.0363969992277378,0.2766030007722624
5.00001,3.8037527295870537,1.196257270412946
1.841,2.0565666675815693,-0.21556666758156928
2.137,2.6297233059417477,-0.49272330594174774
5.00001,4.016239456591698,0.9837705434083013
1.692,1.9881233900067086,-0.2961233900067086
2.324,2.6550794973734204,-0.3310794973734206
3.517,3.7746739232099507,-0.25767392320995075
2.346,2.119016143507044,0.22698385649295627
1.125,2.106835763586572,-0.981835763586572
1.452,1.5676702086720993,-0.11567020867209932
0.872,1.0531153896778573,-0.18111538967785734
0.535,0.8535018494218636,-0.31850184942186355
0.438,1.0695941372839206,-0.6315941372839207
0.942,0.13075918993081181,0.8112408100691881
2.188,1.3220867692626002,0.8659132307374
1.919,2.0527017128749634,-0.13370171287496335
1.322,1.7933335799929409,-0.4713335799929408
0.468,1.1344167303501553,-0.6664167303501554
1.497,2.460553925996818,-0.9635539259968178
1.263,1.5836028589464646,-0.3206028589464647
2.559,2.6646553066887106,-0.10565530668871048
0.945,1.4131422141964731,-0.46814221419647317
2.371,2.4009386587094736,-0.029938658709473653
5.00001,3.119946683985486,1.8800633160145135
0.875,1.6812043394179421,-0.8062043394179421
1.266,1.0634605499622816,0.20253945003771845
2.451,2.6168510147422355,-0.1658510147422354
1.574,1.9698621546825517,-0.3958621546825516
0.784,0.8914911767669835,-0.1074911767669835
2.181,2.197781038730824,-0.016781038730823816
3.5,2.2432599546610046,1.2567400453389954
1.984,1.923306061524643,0.06069393847535709
1.439,1.6241183326086361,-0.18511833260863608
3.379,3.0187883756728766,0.3602116243271234
0.763,1.290252447943801,-0.5272524479438009
1.601,2.2953558235063847,-0.6943558235063847
1.306,1.6415946963221881,-0.3355946963221881
1.125,1.3569338933249826,-0.2319338933249826
3.292,2.6972764781242553,0.5947235218757445
2.333,1.889394485961052,0.4436055140389481
0.992,1.5715563818511153,-0.5795563818511154
1.979,1.9708870367383435,0.008112963261656558
2.041,3.062999151074947,-1.0219991510749469
3.5,2.7270156131914947,0.7729843868085053
0.621,1.1855923866724765,-0.5645923866724765
1.404,1.3466275213119112,0.0573724786880887
1.521,2.2866815184507274,-0.7656815184507275
1.305,0.18966453955136542,1.1153354604486345
1.951,2.4887976894129,-0.5377976894129
1.995,2.4325451532757953,-0.43754515327579524
1.375,1.6865342094626516,-0.31153420946265165
2.75,2.119584949434768,0.6304150505652322
1.229,2.242609127726046,-1.013609127726046
1.09,1.5739533508591395,-0.4839533508591394
1.217,1.0240848754921612,0.19291512450783888
3.02,3.303282764601891,-0.28328276460189095
2.417,1.959160289458168,0.4578397105418319
1.532,2.2438921492351227,-0.7118921492351227
1.693,2.6888253780074827,-0.9958253780074826
3.585,3.965409236917508,-0.38040923691750805
1.75,1.9532778326555675,-0.20327783265556754
1.125,1.16240874767148,-0.03740874767147995
3.76,3.6389139591467874,0.1210860408532124
1.188,0.7503461880538411,0.4376538119461588
4.01,3.23275278348384,0.7772472165161597
1.079,0.9484426022161663,0.13055739778383368
3.397,2.4569697021708032,0.9400302978291966
1.58,2.11486452783599,-0.5348645278359898
4.688,2.89823404508002,1.7897659549199796
0.631,0.8080201135338843,-0.17702011353388425
1.846,2.188070924468846,-0.342070924468846
1.897,2.3888792508326473,-0.4918792508326473
1.909,2.1104265750166915,-0.20142657501669148
0.675,1.7203384727761013,-1.0453384727761013
0.853,1.316956247657659,-0.4639562476576591
1.736,2.2430504381105436,-0.5070504381105436
1.297,1.6067240951506574,-0.30972409515065746
1.81,2.569729844268817,-0.7597298442688167
5.00001,6.9880951467170025,-1.9880851467170029
3.762,3.6356014612061944,0.12639853879380558
2.43,2.7135861867945956,-0.28358618679459546
1.482,1.466000996700554,0.015999003299445924
2.381,2.9629079779478085,-0.5819079779478087
4.5,2.9712095436981425,1.5287904563018575
2.4,2.7001083074666843,-0.3001083074666844
5.00001,1.5475304901227391,3.4524795098772607
2.741,2.6158160530102346,0.12518394698976554
1.901,2.6441881127628344,-0.7431881127628344
2.684,2.7424184429380363,-0.05841844293803611
3.493,2.1707015511092225,1.3222984488907774
2.757,2.4745952888424334,0.2824047111575667
1.828,2.0029405150915434,-0.1749405150915433
5.00001,5.911645942703452,-0.9116359427034526
2.132,2.1587183456953776,-0.026718345695377455
1.795,2.4126752559929523,-0.6176752559929524
1.385,1.3639564230961994,0.021043576903800654
1.813,1.4889152834178363,0.32408471658216365
3.405,2.1436199486344383,1.2613800513655615
2.25,1.9459680093834986,0.30403199061650144
0.683,1.0319925001378538,-0.34899250013785377
2.379,2.724988060767661,-0.34598806076766087
1.497,1.8436816619908467,-0.3466816619908466
1.258,1.9241183508753075,-0.6661183508753075
0.876,1.7770933288578532,-0.9010933288578532
1.25,1.5675470958231275,-0.31754709582312746
1.688,1.1372574633941266,0.5507425366058734
1.35,2.160187692201877,-0.8101876922018767
0.863,1.3441737970053125,-0.4811737970053125
0.649,1.0834490122194018,-0.4344490122194018
1.063,1.7622861776198644,-0.6992861776198644
2.857,3.023256129936448,-0.166256129936448
2.724,3.1305758781169457,-0.4065758781169455
2.177,2.78842973630774,-0.6114297363077399
0.918,1.7935824404658145,-0.8755824404658145
1.63,2.0387753936392263,-0.40877539363922644
1.951,2.1609239437902525,-0.20992394379025248
0.325,0.8413489893777442,-0.5163489893777442
2.753,1.8796068203928855,0.8733931796071146
1.369,1.6656041054004203,-0.29660410540042026
1.941,2.2685169700239647,-0.3275169700239646
2.302,2.2026180448655968,0.09938195513440329
1.436,1.3588406386760825,0.07715936132391743
0.396,0.7401181344407888,-0.34411813444078876
0.598,0.3765993830379881,0.22140061696201185
2.107,2.45262151397569,-0.34562151397568996
1.563,0.8940439631882438,0.6689560368117562
2.156,2.2647425439294513,-0.10874254392945115
1.775,1.7330495132026598,0.04195048679734015
2.189,2.112392449943695,0.07660755005630504
1.284,1.8408818569304337,-0.5568818569304337
1.906,1.731035137018707,0.174964862981293
3.983,2.5164671364313063,1.4665328635686938
3.671,1.6278709763620849,2.043129023637915
1.225,1.8757294085568474,-0.6507294085568474
3.761,1.5999728210308084,2.1610271789691917
1.576,1.640928294618265,-0.06492829461826499
1.781,1.4769013643161464,0.30409863568385354
0.724,0.745121343837805,-0.021121343837805062
2.876,2.6785719638456706,0.19742803615432925
1.75,1.7018246608245866,0.04817533917541339
2.808,2.0455587727242004,0.7624412272757994
1.605,2.1285740906373314,-0.5235740906373314
1.586,1.8787137507476603,-0.29271375074766026
1.443,1.5287606814481212,-0.0857606814481211
1.363,1.8457089063594174,-0.48270890635941743
2.182,2.5343711042509884,-0.3523711042509885
4.664,3.277945778245342,1.3860542217546579
3.861,4.548419771868959,-0.6874197718689588
2.512,1.879190739409382,0.6328092605906179
1.904,1.7639029054437558,0.14009709455624408
2.231,2.354501750641101,-0.12350175064110092
3.61,2.410707172059859,1.1992928279401407
2.75,0.7189039302936624,2.0310960697063374
0.708,1.0959868880656913,-0.38798688806569137
4.6,2.375765505055982,2.224234494944018
0.675,1.0233057564225971,-0.3483057564225971
2.25,1.0772946837484465,1.1727053162515535
1.761,2.057235936510994,-0.2962359365109941
0.524,0.6682838532723332,-0.14428385327233317
1.676,2.439220703916047,-0.763220703916047
0.997,1.3366797058716333,-0.3396797058716333
0.889,1.5026132040822127,-0.6136132040822126
2.237,2.334117891706086,-0.09711789170608576
1.805,2.1444877512911136,-0.33948775129111364
0.932,1.580886178951521,-0.6488861789515209
1.738,1.7122819137503031,0.025718086249696848
4.908,3.8747924653302728,1.0332075346697276
1.042,1.4819353256653982,-0.43993532566539817
2.761,2.268846836353361,0.49215316364663897
2.547,2.5064725093340376,0.04052749066596251
2.123,2.7611409970623617,-0.6381409970623615
0.875,1.5842541111354573,-0.7092541111354573
0.942,1.4825699372249734,-0.5405699372249735
1.635,2.584865238709172,-0.9498652387091722
5.00001,2.3984022559810483,2.6016077440189513
1.25,1.6822311215060703,-0.43223112150607035
1.823,1.916905675353255,-0.093905675353255
1.117,1.4463728599870604,-0.32937285998706045
1.46,1.6682090296993788,-0.20820902969937882
5.00001,4.015481947402704,0.9845280525972955
3.205,2.8381307136709837,0.3668692863290164
0.48,1.0121813362299399,-0.5321813362299399
1.688,2.9564246181200127,-1.2684246181200127
0.675,0.44860049841135163,0.2263995015886484
1.731,1.583834303926098,0.14716569607390206
1.5,1.1907226218917697,0.3092773781082303
3.292,2.8225025745566965,0.4694974254433033
1.41,1.7536790486543659,-0.34367904865436594
3.78,3.305511689926222,0.4744883100737778
0.802,0.4774005174682161,0.32459948253178394
2.033,1.9499761181240463,0.08302388187595366
3.949,4.030328437953462,-0.08132843795346201
0.845,1.1891416880569747,-0.34414168805697476
3.273,2.0042524484311466,1.2687475515688535
2.012,2.0102326515122377,0.001767348487762277
1.625,2.4448058352858237,-0.8198058352858237
2.66,3.0966581997192195,-0.4366581997192194
2.212,2.602802517987147,-0.3908025179871468
1.765,2.1274547282948295,-0.3624547282948296
2.063,2.2655416267292896,-0.20254162672928944
5.00001,3.0657075730001013,1.9343024269998983
1.867,2.0161414876653705,-0.1491414876653705
1.125,2.5686777439659334,-1.4436777439659334
0.905,1.1958855707686582,-0.2908855707686582
1.908,2.1728618960293606,-0.2648618960293607
1.988,1.554442172453558,0.433557827546442
1.656,1.9246751099249435,-0.2686751099249436
5.00001,3.9621181016281217,1.037891898371878
1.457,2.2395088289548672,-0.7825088289548672
0.913,1.238263517705498,-0.3252635177054979
1.404,1.9784609174483165,-0.5744609174483166
1.917,1.9340797822446618,-0.01707978224466178
0.611,0.7628629092075592,-0.15186290920755918
1.53,1.5856430609783327,-0.055643060978332715
0.855,1.365165374245424,-0.510165374245424
1.645,0.9988116987173352,0.6461883012826648
3.862,3.559326815871756,0.3026731841282442
3.413,3.2587947250639764,0.15420527493602343
2.464,2.3362821523956248,0.1277178476043752
1.218,1.7145756904405487,-0.4965756904405487
1.325,2.0046005936401037,-0.6796005936401037
0.98,1.710204078836131,-0.730204078836131
2.414,2.2902392277507797,0.12376077224922044
1.713,2.512570800775892,-0.7995708007758919
1.201,1.35549365012712,-0.1544936501271199
5.00001,6.730427123280357,-1.7304171232803576
1.927,1.6439892384650379,0.2830107615349622
2.328,2.204084029771876,0.12391597022812384
1.918,2.190384165148254,-0.27238416514825414
1.963,2.4395562272712907,-0.47655622727129066
2.939,2.952102621365428,-0.013102621365427947
0.846,1.7111947022583718,-0.8651947022583718
5.00001,4.0601692093309865,0.9398407906690132
5.00001,3.815333375198375,1.1846766248016247
1.073,2.1431857669810843,-1.0701857669810844
1.5,2.4518293234312813,-0.9518293234312813
2.042,2.3623298811001674,-0.3203298811001676
2.683,3.2723053003084392,-0.5893053003084394
1.035,0.6631800309813876,0.37181996901861236
1.615,1.7718194839695722,-0.15681948396957224
2.224,2.0921361457312466,0.13186385426875358
1.669,1.656118865088894,0.012881134911105985
2.292,2.266677829027369,0.025322170972630786
2.059,1.7433891417143643,0.31561085828563584
0.955,0.5256021229157244,0.42939787708427557
1.625,2.566670502670607,-0.9416705026706071
2.407,2.3758164252529403,0.031183574747059684
0.828,1.406249091614037,-0.5782490916140371
2.302,1.3510388059526954,0.9509611940473046
1.859,1.7177411494337584,0.14125885056624155
1.058,1.3149160611489576,-0.2569160611489576
1.188,1.4155217875976358,-0.22752178759763586
1.944,2.2561571434287924,-0.3121571434287924
1.833,2.115822228143995,-0.28282222814399494
2.925,2.0699809636525783,0.8550190363474215
1.442,1.7983386951954412,-0.35633869519544126
5.00001,2.4269075862261955,2.573102413773804
1.342,2.1977548950842567,-0.8557548950842566
0.528,0.7335252712176463,-0.2055252712176463
1.887,2.152206394369543,-0.26520639436954285
2.04,2.25646173321498,-0.21646173321498008
1.795,2.00928910472762,-0.21428910472761986
0.989,1.1588254470458013,-0.16982544704580127
2.799,2.245404400153734,0.553595599846266
3.277,2.643900974376319,0.633099025623681
2.08,1.706918616218014,0.37308138378198596
2.083,2.4879254412256646,-0.40492544122566443
1.125,3.5948829492799512,-2.4698829492799512
2.347,3.072451460172001,-0.725451460172001
2.145,2.2412397810665605,-0.0962397810665605
3.385,3.1470918165620594,0.2379081834379404
5.00001,7.0873672941464445,-2.087357294146445
2.841,2.453655077119756,0.38734492288024436
5.00001,3.978487095310773,1.0215229046892267
1.813,1.5697725257291224,0.24322747427087754
1.25,1.7141005176731419,-0.46410051767314187
4.125,1.9362106366636809,2.188789363336319
1.125,0.9127553926935896,0.21224460730641037
0.903,-0.22592301531834114,1.1289230153183412
0.96,1.8925513534117084,-0.9325513534117085
1.425,1.881090937230885,-0.456090937230885
2.663,2.6761746352922917,-0.013174635292291903
1.65,1.6951928858794156,-0.04519288587941572
1.18,1.7231833915977233,-0.5431833915977233
1.564,2.3887759932125294,-0.8247759932125294
4.268,4.252422077473565,0.015577922526435195
3.086,2.551983376235161,0.5340166237648387
2.392,0.953742699192504,1.438257300807496
1.094,1.788849480184922,-0.6948494801849219
0.666,0.8539208388917117,-0.18792083889171163
3.685,3.101650971186784,0.5833490288132159
3.305,3.4201768500957783,-0.11517685009577816
2.736,2.6652447267948443,0.07075527320515596
5.00001,4.732621057469322,0.2673889425306779
3.211,3.268168843859485,-0.057168843859485285
2.426,1.7461355695415706,0.6798644304584296
2.319,2.501074226803075,-0.18207422680307506
1.514,2.51669018527184,-1.0026901852718402
2.278,2.4256857126389284,-0.14768571263892838
3.8,3.284182675363015,0.515817324636985
0.952,1.9510255096077957,-0.9990255096077958
1.939,2.0896887876447776,-0.15068878764477756
2.607,2.4051025632346423,0.20189743676535787
1.91,1.5802156051636713,0.3297843948363286
0.649,1.111747012165512,-0.46274701216551195
1.283,1.9184456212638983,-0.6354456212638984
1.898,2.313744742381221,-0.4157447423812213
1.833,1.844025100669692,-0.011025100669691978
1.518,0.2934277693895826,1.2245722306104174
2.573,2.016651469572321,0.556348530427679
1.375,-0.07751799054688213,1.4525179905468821
1.25,1.0407932819833712,0.20920671801662882
2.181,2.1516093295284837,0.029390670471516334
1.681,2.288678993261589,-0.6076789932615889
2.318,1.5884466409106595,0.7295533590893406
1.49,1.933804138514781,-0.44380413851478107
1.703,2.321327272582876,-0.6183272725828759
3.913,2.800224314033328,1.112775685966672
2.823,2.49257237996963,0.33042762003036996
5.00001,3.7264231943981416,1.273586805601858
1.354,0.9451500633830028,0.4088499366169973
3.284,2.49888848953701,0.7851115104629898
3.5,1.7545682699017546,1.7454317300982454
1.823,2.074751125683957,-0.2517511256839571
5.00001,5.516621073982512,-0.5166110739825127
1.92,1.6451157110911088,0.27488428890889116
2.408,2.7250617929550636,-0.31706179295506365
1.75,2.2910685252888245,-0.5410685252888245
1.264,1.5723688217029768,-0.30836882170297675
1.259,1.602620388840182,-0.3436203888401821
1.947,2.4115387517741436,-0.4645387517741435
3.418,3.3830952248885042,0.03490477511149592
2.119,1.7698698549801541,0.34913014501984607
1.375,0.12754348119779513,1.2474565188022049
2.706,2.134024563088822,0.571975436911178
1.723,2.0060974486778624,-0.28309744867786235
2.621,1.8931827738862883,0.7278172261137117
1.491,1.7369210824586478,-0.24592108245864774
3.391,2.5496620056700268,0.8413379943299732
2.486,2.432394173683286,0.05360582631671429
1.287,2.2503357288098456,-0.9633357288098456
3.439,2.398838046409166,1.0401619535908342
1.75,1.7326116790696897,0.017388320930310286
2.875,2.069607512276881,0.8053924877231191
1.436,2.3304262773263678,-0.8944262773263678
3.462,2.7334673785245664,0.7285326214754337
2.322,2.986310062899174,-0.6643100628991738
2.0,2.324405473880966,-0.3244054738809661
2.415,2.340212807461059,0.07478719253894095
0.675,0.8569663117491486,-0.18196631174914857
1.917,0.9477995577749425,0.9692004422250575
1.783,2.213167821201226,-0.4301678212012261
1.782,2.3932258494092835,-0.6112258494092835
1.332,1.6110334733892682,-0.2790334733892681
2.738,2.7273873412209166,0.01061265877908335
1.522,1.785533167612549,-0.26353316761254897
1.871,2.206001186710645,-0.3350011867106448
1.375,1.1078853184385695,0.2671146815614305
1.104,1.4375789119685143,-0.3335789119685142
2.406,1.6730403745530626,0.7329596254469375
1.625,1.7272340718668593,-0.10223407186685929
0.838,0.8485685968810266,-0.010568596881026626
2.656,2.758514681771457,-0.10251468177145684
2.115,2.5632644419007047,-0.44826444190070447
1.734,2.3701223870925676,-0.6361223870925676
3.1,1.262420584703058,1.837579415296942
0.995,1.741474766629557,-0.7464747666295569
1.914,2.311609783175042,-0.39760978317504203
2.201,1.9587387244863725,0.24226127551362753
1.673,2.316056028717883,-0.6430560287178828
0.65,1.0730809365497207,-0.4230809365497207
1.418,2.3048572117117656,-0.8868572117117657
2.906,2.177122107867964,0.728877892132036
3.192,2.4580155368549375,0.7339844631450627
1.188,1.4996259252567874,-0.31162592525678745
2.0,1.7003346937652695,0.29966530623473053
2.195,1.8508998147844395,0.3441001852155603
2.894,3.150597788101319,-0.25659778810131906
1.164,1.6910037702652283,-0.5270037702652284
1.623,2.22048818965587,-0.5974881896558701
1.141,1.250797978869449,-0.10979797886944898
0.713,1.2400703528568549,-0.5270703528568549
1.905,2.3298943780305836,-0.4248943780305836
1.973,2.3592531563934234,-0.3862531563934233
0.722,0.5892401769558653,0.1327598230441347
1.033,2.0597924062412685,-1.0267924062412686
1.43,1.5910956104594671,-0.1610956104594672
2.449,2.0816219304959946,0.3673780695040052
5.00001,3.5297539796108564,1.4702560203891433
1.833,1.7645616407977698,0.06843835920223018
0.861,1.9682498670548783,-1.1072498670548783
2.184,2.5244364226127156,-0.34043642261271545
1.108,1.3580446403871096,-0.2500446403871095
2.113,1.9828827250446242,0.13011727495537584
3.388,3.156937961577396,0.23106203842260387
1.231,0.8502841446226306,0.3807158553773695
2.695,1.178785103183058,1.5162148968169418
3.214,1.988292528100349,1.225707471899651
0.819,1.1639355613033149,-0.34493556130331493
5.00001,4.694533491428725,0.3054765085712745
3.046,2.6713308441586054,0.3746691558413944
0.729,1.0142191286697424,-0.2852191286697424
1.58,1.9678093242859216,-0.3878093242859215
0.622,1.1560443858454437,-0.5340443858454437
1.163,-0.5436108742485715,1.7066108742485715
3.141,1.5175577634297888,1.6234422365702113
3.625,2.780756209019802,0.8442437909801979
5.00001,3.892362102341333,1.1076478976586666
0.741,1.6794842452199976,-0.9384842452199976
1.5,1.8144969229012464,-0.3144969229012464
2.7,2.9067809977293004,-0.20678099772930025
1.208,1.3412263238155333,-0.13322632381553334
2.5,2.890427153701842,-0.3904271537018418
0.722,1.3256301721812997,-0.6036301721812998
3.75,2.375570226741651,1.374429773258349
2.396,2.7833836013760997,-0.38738360137609984
1.833,2.173481970757036,-0.3404819707570359
1.612,2.4685972120574258,-0.8565972120574257
2.51,2.3911737275415357,0.11882627245846411
0.455,1.1455951311537946,-0.6905951311537946
1.781,2.024144289577519,-0.2431442895775191
2.589,2.7576047738003524,-0.16860477380035244
1.458,2.107029791624491,-0.6490297916244911
0.847,0.30610800916385683,0.5408919908361431
2.167,1.7694257882559565,0.3975742117440433
1.304,1.0787887734009396,0.22521122659906045
1.585,1.6277989909934474,-0.04279899099344742
1.178,0.8705968363709395,0.3074031636290604
2.15,2.3753439976480775,-0.22534399764807755
2.686,2.614977983304246,0.07102201669575381
1.0,1.1683004517975517,-0.1683004517975517
3.327,3.9792919065703165,-0.6522919065703165
1.867,1.7369335234746577,0.1300664765253423
0.53,1.0551642214714465,-0.5251642214714465
1.497,2.134518654106026,-0.637518654106026
3.458,2.6050787153468136,0.8529212846531866
1.245,1.2470256883482431,-0.0020256883482430155
4.758,5.031470420898933,-0.27347042089893314
5.00001,3.2969370672894858,1.7030729327105139
5.00001,5.696450769972625,-0.6964407699726252
1.759,2.291006607606846,-0.5320066076068461
1.833,2.4065726689332863,-0.5735726689332863
2.531,2.93788241682404,-0.4068824168240397
1.178,1.782030403761492,-0.6040304037614921
1.435,1.7751448511283874,-0.3401448511283873
5.00001,2.9332791481329368,2.066730851867063
1.423,0.6156660316997447,0.8073339683002554
1.21,1.8833914344883431,-0.6733914344883432
2.688,2.404571469741101,0.28342853025889925
3.302,2.9011072827019815,0.40089271729801856
1.218,1.808686004847099,-0.590686004847099
4.169,2.9406295927695494,1.2283704072304502
2.667,3.0977110630932163,-0.4307110630932165
1.894,1.8730051332288535,0.02099486677114637
4.436,3.0050517809920487,1.4309482190079512
1.63,1.6466809083786376,-0.01668090837863767
3.825,2.9822234163490093,0.8427765836509908
1.063,1.565263401443144,-0.502263401443144
0.578,-0.017063731614299193,0.5950637316142992
0.575,-0.26111958530954515,0.8361195853095451
2.38,2.189592396907957,0.19040760309204297
2.189,2.5882896165679496,-0.3992896165679496
1.186,1.523429759800357,-0.33742975980035705
3.091,2.905649086702771,0.18535091329722908
2.132,2.3054064863535384,-0.17340648635353828
1.802,1.8824192844820224,-0.0804192844820224
4.708,2.8808710242256503,1.8271289757743499
3.372,1.2375432632966596,2.1344567367033402
0.953,1.247683370173735,-0.29468337017373514
1.039,1.7049093698902498,-0.6659093698902498
5.00001,2.4118180035578654,2.5881919964421343
2.15,2.0501370053557424,0.09986299464425752
1.894,2.1697317312416304,-0.27573173124163053
1.714,1.7960820108127953,-0.08208201081279531
3.57,2.6207872332915767,0.9492127667084231
1.962,2.3488361559535402,-0.38683615595354026
0.985,1.4024564554650891,-0.41745645546508914
1.788,1.9976965758679068,-0.2096965758679068
2.266,2.3769415029559644,-0.11094150295596439
1.714,1.9200032211714024,-0.20600322117140246
2.714,2.0215483474326623,0.6924516525673376
2.168,2.563094288486838,-0.3950942884868378
0.679,1.687740106221515,-1.0087401062215149
1.713,1.7569341863273018,-0.04393418632730173
1.109,1.5966555994507403,-0.48765559945074033
3.325,2.68083928787632,0.6441607121236803
1.5,1.5593266013384663,-0.059326601338466345
1.734,2.5765096000753207,-0.8425096000753207
2.375,2.9186649713376984,-0.5436649713376984
0.658,1.5058172574037325,-0.8478172574037325
1.731,2.343278141497059,-0.6122781414970591
3.212,2.487778189884001,0.7242218101159992
2.65,2.362068829200572,0.28793117079942787
0.875,0.39573858050207233,0.47926141949792767
2.103,2.676365436339892,-0.5733654363398917
2.478,2.378717184130177,0.09928281586982335
3.757,3.2806120922785293,0.47638790772147077
1.137,0.6306326312873598,0.5063673687126402
5.00001,3.809075670220489,1.1909343297795107
0.456,0.8785294486292554,-0.4225294486292554
1.306,0.9609536859014067,0.3450463140985933
1.986,2.089712948879007,-0.10371294887900695
4.367,2.6041902077446943,1.7628097922553057
0.926,1.338012436523167,-0.4120124365231669
1.5,1.6998915890492636,-0.19989158904926363
3.599,2.81310744336624,0.78589255663376
5.00001,4.904656457007235,0.09535354299276477
0.938,1.4588930243936122,-0.5208930243936123
3.833,3.352879375293676,0.48012062470632433
1.917,1.7468819429967137,0.1701180570032863
2.672,2.796224702576705,-0.1242247025767047
2.802,2.2818766484407,0.5201233515593002
0.521,0.8521304318810494,-0.3311304318810494
1.102,0.7449091505428898,0.35709084945711034
1.646,1.3867186309736064,0.25928136902639354
3.248,3.393863811253779,-0.14586381125377867
1.227,1.6156240679438274,-0.3886240679438273
2.167,1.934417100234878,0.2325828997651218
0.736,1.5917780341526024,-0.8557780341526025
2.541,2.378693912632181,0.16230608736781882
1.875,1.6801644861268847,0.19483551387311526
1.66,2.673218230795491,-1.0132182307954911
1.579,2.0310311803948795,-0.45203118039487955
1.938,1.9805386438235242,-0.042538643823524236
1.408,1.4133668882345254,-0.005366888234525469
0.953,0.9286675583929109,0.024332441607089028
2.27,3.0112468678184223,-0.7412468678184223
2.656,2.6067648232147564,0.049235176785243695
0.902,2.0116875995718364,-1.1096875995718363
1.832,1.8315318083839163,0.0004681916160838018
1.846,1.8965540032156218,-0.05055400321562176
1.625,1.733076618646139,-0.10807661864613904
1.25,1.2314599305696985,0.01854006943030151
0.972,1.528924998262481,-0.5569249982624811
3.553,2.0192717990160447,1.5337282009839552
1.362,1.7880947227947908,-0.42609472279479066
1.25,1.729980063735097,-0.47998006373509705
3.056,3.2091256233549528,-0.15312562335495272
1.766,1.686473819908571,0.07952618009142909
3.486,2.840199378604785,0.6458006213952152
2.992,2.652133905814311,0.3398660941856888
0.721,1.392641240135556,-0.6716412401355559
1.095,2.0258044876122288,-0.9308044876122288
2.811,2.2387441289226033,0.5722558710773966
1.563,1.696972995465171,-0.13397299546517116
2.342,2.349805468304526,-0.007805468304526109
0.597,1.2809950047476568,-0.6839950047476568
2.5,2.807971393707838,-0.3079713937078381
2.033,1.6765317516806726,0.35646824831932733
1.731,1.7981651767397808,-0.06716517673978073
3.003,2.764608824896984,0.2383911751030161
2.38,2.199405033981248,0.1805949660187518
1.79,2.0746596683370884,-0.28465966833708833
1.66,2.4661113157132863,-0.8061113157132864
1.607,2.1095735537190268,-0.5025735537190268
1.475,1.5393551581461211,-0.06435515814612103
1.921,1.6927743714614256,0.22822562853857442
0.564,0.677910371657978,-0.11391037165797802
3.048,2.270637567980982,0.777362432019018
4.398,3.2660460795429676,1.1319539204570321
1.375,1.5863189761220313,-0.21131897612203132
1.375,1.4733893357115309,-0.09838933571153086
1.346,1.6043411972909927,-0.2583411972909926
2.625,2.557605965073516,0.0673940349264841
0.834,1.1841273199874682,-0.35012731998746827
1.135,0.9300046652104865,0.20499533478951348
0.714,1.5500191578903673,-0.8360191578903673
2.045,2.3145498409162415,-0.26954984091624157
2.824,3.0144179001559497,-0.19041790015594984
1.457,2.03503936204914,-0.5780393620491397
2.647,3.141383874819719,-0.49438387481971935
2.75,1.818118853624854,0.931881146375146
1.716,1.7091306364831498,0.006869363516850191
2.167,1.578342720720129,0.5886572792798708
1.807,1.8904907121542516,-0.08349071215425163
2.125,0.008425388752498097,2.116574611247502
1.677,1.9861320910321993,-0.3091320910321993
0.425,0.969915855503394,-0.5449158555033939
2.384,2.08398132643336,0.3000186735666399
1.44,0.5391739592885181,0.9008260407114819
0.436,0.9313226156793062,-0.4953226156793062
3.635,2.4625995123342155,1.1724004876657843
1.862,2.2720943543650822,-0.4100943543650821
0.675,0.6247752447214208,0.05022475527857928
1.596,2.613143290699645,-1.0171432906996447
1.956,1.6522317448766872,0.30376825512331274
1.548,2.104106086102062,-0.5561060861020621
4.507,3.951385682219464,0.5556143177805355
0.699,0.9062366252231855,-0.20723662522318553
1.322,1.775672712376102,-0.45367271237610196
3.28,3.621348270244187,-0.341348270244187
2.728,2.737443680840311,-0.009443680840310886
0.663,1.006671839528779,-0.343671839528779
1.293,1.4040957292348868,-0.11109572923488686
0.771,0.6460963296953701,0.1249036703046299
1.555,1.8226401315919896,-0.2676401315919896
1.26,1.5794506370038701,-0.3194506370038701
2.403,1.9821287867225494,0.4208712132774506
1.33,1.468698636183662,-0.13869863618366196
0.949,1.1487123437154019,-0.19971234371540192
2.039,2.1653157408143042,-0.12631574081430408
0.61,0.6622204582127553,-0.05222045821275534
1.392,1.6257889062835487,-0.23378890628354876
2.292,1.6323303593238496,0.6596696406761502
2.606,2.992551433374911,-0.38655143337491094
2.511,1.9410435570807572,0.569956442919243
3.276,2.7005311389027704,0.5754688610972294
1.679,2.3984103497424676,-0.7194103497424675
2.12,2.190026027499014,-0.0700260274990141
2.333,2.3477312514497664,-0.01473125144976617
2.554,2.7104374381578893,-0.15643743815788946
0.675,1.2817313962595758,-0.6067313962595757
1.62,2.1242845266746246,-0.5042845266746245
1.172,1.8482386921363205,-0.6762386921363206
1.097,0.6814243042852284,0.4155756957147716
2.75,1.2412173236823605,1.5087826763176395
1.118,0.4488664494484318,0.6691335505515683
1.66,2.1727295442949037,-0.5127295442949038
0.927,0.9596133334679198,-0.032613333467919725
1.86,2.590880905710509,-0.730880905710509
0.973,1.4824252533781994,-0.5094252533781994
2.413,2.915765340762344,-0.5027653407623442
2.585,2.8379591161674744,-0.25295911616747446
1.382,2.1771087824054796,-0.7951087824054797
1.961,2.619076288301166,-0.6580762883011657
4.192,4.255322489081928,-0.06332248908192817
1.388,2.060168834816926,-0.6721688348169259
3.766,3.2953540920948603,0.4706459079051397
1.651,2.3954259881756093,-0.7444259881756092
1.818,1.5391635535304262,0.27883644646957384
2.118,2.029780865976986,0.08821913402301407
1.125,2.107518076023164,-0.982518076023164
1.443,2.0445207058059984,-0.6015207058059984
2.22,2.563572080195506,-0.3435720801955058
0.536,0.4696656607042713,0.06633433929572874
1.308,2.234315245855997,-0.9263152458559969
2.276,2.592859163520552,-0.3168591635205522
2.75,2.463644826022331,0.2863551739776691
1.919,2.008524193810041,-0.08952419381004084
0.641,1.1175618921701373,-0.47656189217013734
0.681,1.1601829315175844,-0.4791829315175844
2.552,2.3507025630467893,0.20129743695321078
2.441,2.9433023769949505,-0.5023023769949506
3.37,2.3353635157185746,1.0346364842814255
2.083,1.253828466956766,0.8291715330432341
5.00001,4.204484555757852,0.7955254442421476
1.721,1.7956688282225817,-0.07466882822258158
1.289,0.9392696938772271,0.3497303061227728
1.449,1.5421738647805603,-0.09317386478056022
0.72,0.601575346701543,0.11842465329845697
1.429,1.9255694328779147,-0.49656943287791466
4.361,2.7561588767764666,1.6048411232235331
2.042,1.9678656044282479,0.07413439557175194
1.957,2.6371825971470417,-0.6801825971470417
0.905,1.1519088668536366,-0.24690886685363655
2.361,1.6363971458144473,0.7246028541855529
1.869,1.857638774553899,0.011361225446101075
1.625,1.7531695701678096,-0.1281695701678096
1.125,1.406299502282678,-0.2812995022826781
0.58,1.278856494312563,-0.6988564943125631
3.074,3.290449765162881,-0.21644976516288095
3.538,2.6926026051988474,0.8453973948011524
2.909,2.666755773057947,0.2422442269420526
3.586,2.7547450409876886,0.8312549590123113
2.462,2.304303232315877,0.157696767684123
0.721,1.5933260703130183,-0.8723260703130183
1.075,1.6357801367799216,-0.5607801367799217
0.786,1.1378962306327267,-0.3518962306327267
1.876,2.5287880627657584,-0.6527880627657585
0.979,0.858367910890871,0.12063208910912893
1.866,2.211977526621338,-0.34597752662133807
1.969,1.8423815861569708,0.1266184138430293
1.115,1.3127067875486598,-0.19770678754865978
1.563,2.3575219907128813,-0.7945219907128813
2.182,2.760437698252156,-0.5784376982521562
2.935,4.2167653738052255,-1.2817653738052255
0.59,1.4503296881995573,-0.8603296881995574
1.628,1.6904148125565197,-0.062414812556519816
1.029,1.3783107351282382,-0.3493107351282383
0.543,0.9608393045898422,-0.4178393045898422
1.663,1.6598532550488518,0.003146744951148195
1.525,1.6286254076269486,-0.10362540762694872
1.426,1.8000408231510934,-0.37404082315109344
1.5,1.742465557858655,-0.24246555785865498
0.844,0.980876737867566,-0.13687673786756605
2.1,1.466635040512259,0.6333649594877411
1.375,1.702090375739849,-0.3270903757398489
3.5,2.4509823827459827,1.0490176172540173
1.719,0.5649157615461431,1.154084238453857
1.431,1.8656858403325198,-0.4346858403325198
4.523,3.0866675038480254,1.4363324961519743
1.76,2.0508716038508337,-0.29087160385083366
1.127,1.3394445281969571,-0.21244452819695714
0.684,1.2072519735357234,-0.5232519735357234
1.907,2.1934231850198413,-0.2864231850198413
3.318,3.905619218524371,-0.5876192185243712
1.84,2.2503716473341617,-0.41037164733416165
1.625,1.0829357927512193,0.5420642072487807
1.294,2.0532963759747718,-0.7592963759747717
1.728,2.039718896844266,-0.3117188968442661
1.911,2.1960023690658743,-0.2850023690658743
2.949,3.1005053301883416,-0.15150533018834178
1.886,2.117350088304821,-0.23135008830482096
0.638,0.8128447779305334,-0.17484477793053343
4.661,4.068655414322524,0.5923445856774752
1.868,2.0668128899113754,-0.19881288991137525
1.393,2.1227440329249534,-0.7297440329249534
3.303,2.3232319948457634,0.9797680051542366
2.848,2.6593292559054715,0.18867074409452833
1.988,2.1421529911886563,-0.15415299118865633
0.693,0.8346553025585219,-0.141655302558522
1.455,1.6352747816590876,-0.1802747816590875
1.662,2.1483947982201768,-0.48639479822017684
2.738,2.4124951645082664,0.3255048354917336
1.49,1.5559446774317847,-0.06594467743178467
2.154,2.780854772719489,-0.6268547727194891
2.878,3.1612244489331083,-0.28322444893310816
4.063,2.8423969249744827,1.220603075025517
1.603,1.8653051568779973,-0.26230515687799727
2.4,2.734461575099477,-0.33446157509947705
0.609,1.2695614773852242,-0.6605614773852242
1.423,1.7584006725687147,-0.33540067256871464
0.848,0.8969650722151625,-0.04896507221516255
2.054,2.6708400748488543,-0.6168400748488545
3.968,2.5597699851045945,1.4082300148954054
1.354,1.558768875683218,-0.204768875683218
1.154,1.798041556582883,-0.644041556582883
1.625,2.1204320678509707,-0.4954320678509707
4.25,1.8868276450004258,2.3631723549995742
1.143,1.4532366449254628,-0.31023664492546277
5.00001,5.395265770842166,-0.3952557708421667
5.00001,3.8945902306838476,1.105419769316152
0.487,0.7647076071729713,-0.27770760717297127
2.947,2.7236550712487047,0.2233449287512954
3.005,1.9902197768916594,1.0147802231083405
3.432,2.1502162350319707,1.2817837649680293
0.92,1.414409971309072,-0.49440997130907205
2.781,2.9207104699950843,-0.13971046999508419
3.809,3.3393443698101857,0.4696556301898145
3.398,2.2174978508435688,1.1805021491564314
0.968,1.469570978090282,-0.501570978090282
2.7,1.8484305959306748,0.8515694040693254
1.9,2.3909636973860002,-0.4909636973860003
1.813,1.662534605943367,0.15046539405663295
1.006,1.5393406374127208,-0.5333406374127208
1.708,1.4422319867216862,0.2657680132783138
1.527,1.9078102368782406,-0.38081023687824067
3.536,2.302714534023113,1.2332854659768868
2.0,1.4893056338402417,0.5106943661597583
2.134,2.3475629587501388,-0.21356295875013886
1.531,2.0279849014252216,-0.49698490142522167
3.797,2.224634627322365,1.572365372677635
2.75,2.1384641479133597,0.6115358520866403
0.786,2.0748809346018815,-1.2888809346018815
1.883,2.7112647298550745,-0.8282647298550745
1.38,1.8213229265828994,-0.4413229265828995
5.00001,4.353204717331216,0.646805282668784
1.974,1.8817888312009767,0.09221116879902325
2.446,2.4876614974431646,-0.041661497443164386
1.653,2.462560156992831,-0.809560156992831
3.004,3.0440944901773572,-0.04009449017735722
0.882,1.2981766852551666,-0.4161766852551666
5.00001,4.918301284444115,0.08170871555588466
1.631,1.8039574010102097,-0.17295740101020973
1.919,2.673128835672551,-0.7541288356725508
3.553,3.2087617148836562,0.3442382851163437
4.303,3.0170000551391647,1.2859999448608352
0.427,0.7255521375396126,-0.29855213753961257
3.781,3.3508580379171593,0.43014196208284083
2.64,2.186111454724995,0.4538885452750052
1.119,2.3737593755641253,-1.2547593755641253
2.245,2.214932664658019,0.03006733534198114
1.25,2.022339465867503,-0.7723394658675029
0.641,0.04691712360629596,0.594082876393704
0.884,0.7113679344758761,0.1726320655241239
3.892,2.481102862901388,1.4108971370986119
1.938,0.7426934831461238,1.1953065168538761
5.00001,2.3835608308475766,2.616449169152423
1.875,4.272431827064647,-2.397431827064647
2.103,2.4465220190284445,-0.34352201902844426
2.128,2.3108338501880543,-0.1828338501880542
1.775,1.636412571194044,0.13858742880595587
1.813,1.0589599692907874,0.7540400307092125
1.595,2.1581717407958316,-0.5631717407958317
1.775,2.0430160393250416,-0.2680160393250417
1.161,1.303497134568163,-0.14249713456816293
5.00001,2.6770676722412183,2.3229423277587813
1.625,1.6052052123680831,0.019794787631916888
1.355,1.8343266517929282,-0.4793266517929282
0.996,1.890477947072796,-0.8944779470727959
1.185,1.575143967895832,-0.39014396789583206
1.569,1.3250372050923342,0.2439627949076657
1.472,1.767856309139712,-0.29585630913971195
0.858,0.789661908144494,0.06833809185550599
5.00001,2.1283595959528996,2.8716504040471
1.709,1.6388541163053825,0.0701458836946176
2.579,3.1853663258630984,-0.6063663258630982
1.643,2.123086985554238,-0.480086985554238
4.389,2.3962875554658982,1.992712444534102
0.98,1.5669161378192533,-0.5869161378192533
2.887,2.9537043179082008,-0.06670431790820075
2.032,2.2009558776146383,-0.16895587761463826
2.836,2.39645286998398,0.43954713001601986
1.625,2.2436269959267015,-0.6186269959267015
0.953,1.6711629223743931,-0.7181629223743932
1.617,2.100182742760676,-0.48318274276067585
1.875,1.7531363033460654,0.1218636966539346
1.58,1.6558036705919965,-0.07580367059199644
4.561,2.7834472602380975,1.7775527397619024
1.029,1.800791391302158,-0.7717913913021581
1.654,2.204458939552493,-0.550458939552493
0.544,0.7000048045247846,-0.1560048045247846
1.472,1.6700619157886205,-0.19806191578862054
0.95,1.460354391692249,-0.510354391692249
1.43,2.012849394602229,-0.5828493946022288
0.972,1.0188248262361261,-0.04682482623612616
1.129,1.4179300817301879,-0.28893008173018786
1.733,2.148406202899402,-0.4154062028994021
3.931,3.1583570421702225,0.7726429578297775
0.63,0.600369852315153,0.029630147684846952
2.973,2.755126994634363,0.2178730053656368
2.421,1.9360668023120764,0.4849331976879234
2.939,3.1036603202109045,-0.1646603202109045
1.131,1.6964159562510988,-0.5654159562510988
1.372,1.56318221477586,-0.19118221477585995
2.971,1.789971706980889,1.1810282930191112
2.435,2.5635258624473116,-0.12852586244731157
0.988,0.27454452416939934,0.7134554758306006
2.448,2.516985437018793,-0.06898543701879323
3.278,2.7314925289457466,0.5465074710542535
4.375,2.837914578325967,1.5370854216740328
1.635,1.8287128514026416,-0.1937128514026416
1.024,2.0353206762425398,-1.0113206762425397
1.122,1.3963593870882105,-0.2743593870882104
1.659,2.733272751837097,-1.074272751837097
2.5,2.2870631861210433,0.2129368138789567
1.581,1.9786649159766718,-0.39766491597667186
0.875,0.5166574432609974,0.3583425567390026
1.35,1.5799071347834213,-0.22990713478342117
0.795,1.0399781592692532,-0.24497815926925315
1.621,1.2192913171883295,0.4017086828116705
2.284,1.6893259166977859,0.5946740833022139
1.406,1.602604571080373,-0.196604571080373
0.713,1.375997447272933,-0.6629974472729331
2.663,2.8137906317649284,-0.15079063176492857
0.813,0.5208580240837279,0.292141975916272
1.85,2.5544366430413246,-0.7044366430413245
3.293,3.7559624564206717,-0.4629624564206716
1.688,1.6303954995864438,0.05760450041355614
1.104,2.1728071384011454,-1.0688071384011453
5.00001,2.541368810317537,2.4586411896824627
0.857,1.2996732225978982,-0.4426732225978982
0.633,0.5642937583533261,0.06870624164667394
5.00001,4.954517755206778,0.04549224479322156
1.838,1.6427555192238765,0.19524448077612355
1.507,1.5911115016354707,-0.08411150163547076
2.429,2.7986271593610788,-0.3696271593610789
3.267,2.9519376856659436,0.3150623143340563
2.204,2.2146095943071593,-0.010609594307159131
2.407,2.6046221041561872,-0.1976221041561872
5.00001,5.638317811293991,-0.6383078112939913
0.984,1.5737478874413169,-0.5897478874413169
1.669,1.9223483109063897,-0.25334831090638965
2.054,2.6288912929588415,-0.5748912929588417
0.901,1.2097771581388188,-0.3087771581388188
1.898,1.828589985318565,0.06941001468143493
1.625,-0.010430738729668931,1.635430738729669
3.337,2.1049027397004947,1.2320972602995055
0.851,1.4533097664707095,-0.6023097664707096
1.344,1.4626043849098003,-0.11860438490980019
1.446,1.7704777763359272,-0.3244777763359272
2.15,1.7940249627097216,0.35597503729027835
0.975,1.7709437909168448,-0.7959437909168449
2.1,2.243976565643883,-0.14397656564388273
3.12,3.2115482800918596,-0.09154828009185945
3.0,2.2801652893250854,0.7198347106749146
2.024,2.3972890929195656,-0.3732890929195656
2.541,3.2344300255069722,-0.6934300255069723
1.16,1.5439288483996312,-0.38392884839963126
1.67,1.6928149130677381,-0.022814913067738196
3.969,3.283206702348585,0.685793297651415
2.27,1.7127478451880167,0.5572521548119833
5.00001,2.81178510121961,2.1882248987803896
5.00001,4.712246778234313,0.2877632217656867
1.99,1.7839805168459222,0.2060194831540778
3.691,3.625912612727781,0.06508738727221886
0.225,1.417831427226628,-1.1928314272266278
0.957,1.245183303284892,-0.28818330328489206
3.659,4.0536341539077565,-0.3946341539077567
2.158,2.2870849230633947,-0.1290849230633948
2.055,1.9238716750778864,0.1311283249221138
5.00001,3.347750316825953,1.6522596831740466
2.508,2.1364386677555043,0.3715613322444957
3.636,3.5929481165292025,0.04305188347079758
2.942,2.763466676804504,0.17853332319549597
1.714,1.5790959691912572,0.1349040308087428
2.613,2.659821529639177,-0.04682152963917696
1.149,1.2142531806367867,-0.06525318063678665
2.584,2.202616014060254,0.3813839859397459
1.063,1.234806860754233,-0.17180686075423313
0.989,1.4414398294521324,-0.45243982945213246
2.42,2.3351032035353945,0.08489679646460546
1.461,1.6576639531803279,-0.1966639531803278
1.546,2.0595675706168532,-0.5135675706168532
1.975,1.7027034291304224,0.2722965708695777
2.896,2.727820230084329,0.16817976991567107
3.257,2.3302486598322805,0.9267513401677197
0.533,1.0396576083530888,-0.5066576083530888
0.878,1.2387340971820255,-0.36073409718202554
1.783,1.652116811729543,0.13088318827045686
1.971,2.6177991602477095,-0.6467991602477094
1.234,1.8992516600634404,-0.6652516600634404
2.929,2.763203813881844,0.16579618611815583
1.098,1.8382960325551156,-0.7402960325551156
1.242,2.1584101676860477,-0.9164101676860477
0.573,1.1083567715099094,-0.5353567715099095
4.047,3.2695995450952884,0.7774004549047113
1.875,1.81963539116849,0.055364608831510065
0.637,0.5783521167374879,0.058647883262512135
1.012,1.635680778385983,-0.623680778385983
5.0,3.1742720967989464,1.8257279032010536
0.455,0.42129677822155953,0.033703221778440484
4.635,3.1318216724619403,1.5031783275380595
1.813,2.7010587523184926,-0.8880587523184926
3.074,2.004137089972063,1.0698629100279367
3.718,4.271496950791887,-0.553496950791887
0.56,1.2751708735251843,-0.7151708735251843
2.893,2.269718042342516,0.623281957657484
1.282,1.5207018935050287,-0.23870189350502868
2.714,2.6073969295477593,0.10660307045224071
1.821,2.5425234365602036,-0.7215234365602037
2.194,2.9045738602770603,-0.7105738602770604
0.784,1.2055366426534635,-0.42153664265346347
0.961,0.9628100814992528,-0.0018100814992528802
3.947,3.480971621226626,0.4660283787733741
2.225,2.6103760543987997,-0.38537605439879963
0.875,1.2265479827454098,-0.35154798274540977
1.375,2.116211437593641,-0.7412114375936412
2.461,2.0130329913751495,0.4479670086248504
1.757,2.254600086467618,-0.497600086467618
1.641,1.8012119041664767,-0.16021190416647668
1.328,1.6312315616885689,-0.3032315616885688
1.292,0.9962622879101695,0.2957377120898306
2.241,2.1253980606432124,0.11560193935678775
1.039,1.1292514274465657,-0.09025142744656578
1.128,0.9875878414139554,0.1404121585860445
2.438,1.6490520602156715,0.7889479397843286
0.886,1.1077565849703301,-0.22175658497033013
1.861,2.862913113803458,-1.001913113803458
1.861,0.928791642461718,0.932208357538282
1.609,1.5011198316755747,0.10788016832442526
1.492,1.5071357953016582,-0.015135795301658206
0.764,0.20671788331430085,0.5572821166856992
5.00001,3.166602804458459,1.8334071955415405
0.956,0.9908813146722006,-0.03488131467220068
2.375,2.4022768675717945,-0.027276867571794483
4.183,3.304853130492426,0.878146869507574
1.975,2.4128303819580315,-0.43783038195803137
0.664,0.7135147538885958,-0.04951475388859572
2.69,3.4289040008755682,-0.7389040008755683
2.19,2.0855014518787125,0.10449854812128745
1.569,2.0111852957130427,-0.44218529571304277
1.342,2.1623841985708516,-0.8203841985708515
2.042,1.9074168749225604,0.13458312507743941
2.188,2.2898402367231667,-0.10184023672316656
1.818,2.494013612290118,-0.6760136122901179
1.685,1.9993201059109393,-0.3143201059109393
2.992,2.387102449479654,0.604897550520346
1.66,1.5278857077816852,0.13211429221831472
1.935,1.938744675928921,-0.0037446759289210263
2.125,1.7384775307848743,0.3865224692151257
3.862,2.5667506365139348,1.2952493634860653
2.684,2.1573009327763453,0.5266990672236549
1.281,2.0628384598783573,-0.7818384598783574
2.712,3.0380010599817524,-0.3260010599817522
0.884,1.4760411932413815,-0.5920411932413815
1.015,1.0678711748381229,-0.05287117483812298
4.955,2.821877555640407,2.133122444359593
1.673,1.3008255549586827,0.37217444504131736
1.413,0.4275260162510153,0.9854739837489848
5.00001,4.950590595114916,0.049419404885084006
3.213,3.2022997846316787,0.01070021536832133
0.821,0.9308219394685209,-0.10982193946852092
0.929,1.397453078798549,-0.468453078798549
1.68,2.060563457346942,-0.38056345734694186
1.35,1.7708808266338814,-0.42088082663388127
2.431,2.207421293319112,0.22357870668088786
1.571,2.149948527330784,-0.5789485273307842
0.979,0.43834042850461996,0.54065957149538
1.777,2.1859202207446184,-0.40892022074461853
1.318,1.3232087473832097,-0.005208747383209644
2.688,2.230216299761495,0.457783700238505
3.143,1.6913872564507817,1.451612743549218
1.836,2.4512357313875768,-0.6152357313875767
1.0,0.6611770568161872,0.3388229431838128
2.322,2.6182467486113614,-0.29624674861136135
1.381,1.6983622731819659,-0.31736227318196586
1.625,1.6382729337611168,-0.013272933761116823
4.573,2.856193982873691,1.7168060171263093
1.392,1.8300719966126076,-0.43807199661260765
2.445,2.291616273356141,0.1533837266438587
0.616,1.0010999672936904,-0.38509996729369045
2.37,2.0250109993347607,0.3449890006652394
1.125,0.8948644177461733,0.2301355822538267
1.223,1.1162753940554568,0.10672460594454325
5.00001,2.620379713374665,2.3796302866253347
1.101,1.0293372893526107,0.07166271064738927
3.009,2.9800871962024003,0.02891280379759964
1.675,1.4421722717746426,0.23282772822535747
2.464,2.262068687772209,0.20193131222779082
2.793,3.671589258268961,-0.8785892582689607
4.14,2.360628252512627,1.7793717474873727
0.587,0.9278336130120111,-0.3408336130120111
2.949,3.299214889920625,-0.350214889920625
3.652,2.7420816509557753,0.9099183490442249
3.683,3.565241829293118,0.11775817070688177
2.392,1.6634472764837627,0.7285527235162372
1.214,1.9198003855740684,-0.7058003855740684
2.15,2.3848507862048107,-0.2348507862048108
1.139,1.9501818776477042,-0.8111818776477042
2.364,2.186560451741238,0.17743954825876207
1.717,1.8884487201493263,-0.17144872014932622
2.485,2.5831770456882945,-0.09817704568829466
0.582,0.41807493298619613,0.16392506701380383
0.678,0.3132821329195745,0.36471786708042553
0.757,1.1519659997824592,-0.39496599978245917
1.78,2.021265910300819,-0.2412659103008188
0.604,0.3796093986920588,0.2243906013079412
2.261,2.876680989719693,-0.6156809897196931
1.795,2.336102973681252,-0.541102973681252
1.582,2.9617993826775,-1.3797993826775
2.786,2.4752206879272722,0.3107793120727278
4.808,3.2859272295470605,1.5220727704529393
1.923,1.4507552132763633,0.4722447867236368
1.417,1.4279245232728697,-0.010924523272869635
3.308,2.9736503846244293,0.3343496153755705
1.0,1.5186753057537579,-0.5186753057537579
1.032,1.6897447927510019,-0.6577447927510018
0.535,0.7944712545338926,-0.2594712545338925
1.857,1.714315438938128,0.14268456106187188
1.929,1.6965744441893347,0.23242555581066537
2.56,2.872461994007672,-0.31246199400767205
1.385,1.5228212126697642,-0.13782121266976421
0.696,0.8227999673650173,-0.1267999673650173
2.468,2.470569937494055,-0.0025699374940550967
2.659,3.0074368697911513,-0.3484368697911515
1.625,1.1738140348459152,0.4511859651540848
3.227,2.8221469068179976,0.40485309318200224
1.489,2.495018462358376,-1.0060184623583759
4.29,3.6458149849469206,0.6441850150530795
5.00001,4.098583078430984,0.9014269215690156
2.541,2.4605651943062696,0.0804348056937303
3.281,2.397671482402507,0.883328517597493
1.691,2.0116421005223506,-0.32064210052235054
2.554,2.605633534366963,-0.051633534366963385
0.764,0.9623017607755173,-0.1983017607755173
1.514,2.6180298366983994,-1.1040298366983994
3.111,2.7950849843784775,0.3159150156215227
1.875,1.9875809972892193,-0.11258099728921933
2.132,1.9799782546790465,0.15202174532095358
2.083,1.729211791305529,0.35378820869447125
2.028,2.846261968862264,-0.8182619688622639
0.901,1.547659328195556,-0.6466593281955559
0.924,1.0532173356992864,-0.1292173356992864
1.365,0.16358032785224763,1.2014196721477524
0.922,0.18756173705653922,0.7344382629434608
0.794,0.4985551954739882,0.29544480452601185
0.955,1.3409336260246174,-0.38593362602461745
2.492,2.397626949082189,0.0943730509178109
1.117,1.95281778768934,-0.83581778768934
1.906,1.6091697727278058,0.2968302272721941
1.918,2.554352748479424,-0.636352748479424
5.00001,3.015087926007056,1.9849220739929434
0.508,1.8283064366295518,-1.3203064366295518
1.635,1.397933111415154,0.23706688858484593
3.689,2.8312385363726538,0.8577614636273463
0.57,0.5093150946135525,0.06068490538644744
0.75,1.2219656532227994,-0.4719656532227994
2.29,2.485734460948787,-0.195734460948787
3.409,2.9073872463176196,0.5016127536823802
2.766,2.515552886016253,0.2504471139837472
1.884,2.0071201902818534,-0.1231201902818535
0.739,0.9775467559504738,-0.2385467559504738
1.5,2.205998945878576,-0.705998945878576
1.471,1.8805835439931426,-0.40958354399314256
1.863,1.6046017434110662,0.2583982565889338
2.349,2.7485494284777965,-0.3995494284777963
1.225,1.375734607886311,-0.150734607886311
3.989,2.884902306846785,1.1040976931532147
2.5,3.392797401311392,-0.892797401311392
1.136,1.64003439181026,-0.5040343918102601
2.448,2.6349629456764925,-0.18696294567649252
2.25,1.4849435042198227,0.7650564957801773
1.869,2.8716823766120014,-1.0026823766120014
3.097,3.2700548433850614,-0.17305484338506139
1.306,1.4667324020999741,-0.16073240209997408
3.423,2.8640173342247772,0.5589826657752228
0.65,1.0713152182220462,-0.4213152182220462
2.789,1.9063584006256327,0.8826415993743675
1.688,1.056515120273767,0.6314848797262329
4.184,3.286110581715322,0.8978894182846782
1.09,1.7205290925166876,-0.6305290925166875
1.601,1.707483189444576,-0.10648318944457613
3.45,3.0248530200148553,0.42514697998514484
4.188,2.828396540720218,1.3596034592797817
2.091,2.029751940023794,0.06124805997620619
0.975,0.520429495533135,0.454570504466865
5.00001,4.413486261655681,0.5865237383443187
1.086,0.75377239601924,0.3322276039807601
1.333,1.8730588251221625,-0.5400588251221625
0.509,0.8805065791261126,-0.3715065791261126
3.116,2.8814713371127416,0.2345286628872585
3.655,3.1691380284271404,0.4858619715728594
1.75,1.645406285452368,0.10459371454763211
1.703,1.4938504995004154,0.2091495004995847
2.795,2.7161487445181764,0.07885125548182348
1.259,1.6220435938650244,-0.3630435938650245
1.557,2.0981486124030906,-0.5411486124030906
0.833,1.4944460610832615,-0.6614460610832615
1.563,2.8752817446618213,-1.3122817446618213
2.148,2.702793823572962,-0.5547938235729619
1.103,1.2061251438672052,-0.10312514386720517
1.65,1.7418823126262297,-0.09188231262622981
3.495,2.7711085079654234,0.7238914920345767
5.00001,7.260292632322482,-2.2602826323224825
1.257,0.6386404806815684,0.6183595193184315
1.931,2.374318393490793,-0.44331839349079294
5.00001,5.35925230715357,-0.3592423071535702
1.996,2.2668439424623434,-0.27084394246234345
5.00001,2.4447234696814015,2.555286530318598
1.634,2.1552491557183613,-0.5212491557183614
1.375,1.1705855693161498,0.20441443068385023
1.215,1.8180181845803187,-0.6030181845803186
3.812,2.678469843782561,1.133530156217439
1.119,2.092231070037686,-0.9732310700376858
0.58,0.4965571212176876,0.08344287878231238
0.638,1.3052701403750597,-0.6672701403750597
3.632,2.7299635039519967,0.9020364960480034
2.064,2.228123938426446,-0.1641239384264459
3.708,2.0963817713757837,1.6116182286242164
0.818,0.8211114861967046,-0.003111486196704649
2.715,2.4226981090053337,0.2923018909946662
1.97,2.6950372346838147,-0.7250372346838148
0.734,1.0185146425379572,-0.2845146425379572
3.017,2.0460182802056743,0.9709817197943256
1.196,1.9458281667703694,-0.7498281667703695
2.581,2.8295229574367067,-0.24852295743670672
0.175,1.9082908744426628,-1.7332908744426627
1.457,2.0411983408955727,-0.5841983408955727
1.02,1.8224964418183722,-0.8024964418183722
4.0,2.8209785783273893,1.1790214216726107
0.992,1.4042076632399567,-0.4122076632399567
4.854,3.668170104423704,1.1858298955762963
4.771,4.224088417697201,0.5469115823027986
0.669,1.1303986040188851,-0.4613986040188851
3.754,4.017066985143836,-0.26306698514383564
1.696,2.6590828468399765,-0.9630828468399766
2.476,2.7877066574980995,-0.31170665749809956
1.647,1.766150047904406,-0.11915004790440609
3.094,2.1502091499899825,0.9437908500100174
1.853,2.4277977118435388,-0.5747977118435388
2.302,2.81976379631799,-0.5177637963179897
1.561,1.7231612677558554,-0.1621612677558555
3.025,3.1445058987124948,-0.11950589871249484
0.978,0.8014263118080436,0.1765736881919564
2.513,2.42291683840354,0.09008316159645968
2.813,2.4644725518759314,0.3485274481240688
1.531,1.4943747455046816,0.03662525449531828
3.556,2.8538847519741664,0.7021152480258337
1.013,1.430358147171034,-0.41735814717103414
2.66,2.3851377335448367,0.27486226645516343
1.607,1.7033816440159553,-0.09638164401595528
3.058,1.9813150386830825,1.0766849613169174
1.475,1.2399103753398246,0.23508962466017547
1.863,2.0482670378262724,-0.1852670378262724
1.626,1.9694339252900415,-0.3434339252900416
4.847,3.3695122143899803,1.4774877856100201
1.75,2.0779110466025434,-0.32791104660254344
1.272,1.558090965153427,-0.2860909651534269
3.651,2.653716711053258,0.997283288946742
2.365,1.3041520057928275,1.0608479942071727
2.14,2.4941246351340958,-0.35412463513409564
2.258,2.9595543594594327,-0.7015543594594327
1.289,1.7397730071784139,-0.45077300717841395
0.735,2.227642695903794,-1.4926426959037942
1.147,2.3311020859413096,-1.1841020859413096
1.75,2.0521468879142915,-0.30214688791429145
3.181,1.9357364208069012,1.2452635791930988
3.312,2.4923061509998563,0.8196938490001435
1.925,2.1141853941921003,-0.18918539419210023
1.595,1.2322362926432056,0.3627637073567944
1.627,2.3083532387991204,-0.6813532387991204
0.673,1.335871463525537,-0.662871463525537
2.129,1.6106557465716433,0.5183442534283567
1.406,1.7498258391840178,-0.3438258391840179
1.865,1.8271844269328092,0.037815573067190744
3.932,3.6061377923620324,0.3258622076379676
0.553,1.1387991385002723,-0.5857991385002722
4.098,2.804720280733658,1.2932797192663417
1.918,1.930139739199281,-0.012139739199281019
0.995,1.5844497872064442,-0.5894497872064443
1.75,1.3671759936215038,0.38282400637849623
1.58,1.7853237507225832,-0.20532375072258313
1.069,1.6502781241209608,-0.5812781241209608
2.772,2.265710036617443,0.5062899633825566
3.267,2.370990415409707,0.8960095845902929
0.96,0.959405955706601,0.0005940442933989321
4.318,4.243048341030386,0.07495165896961353
1.722,1.9559219990221948,-0.2339219990221948
1.125,1.1837981656860355,-0.058798165686035464
2.25,2.206037890281227,0.04396210971877279
2.595,2.75212391632481,-0.1571239163248097
2.915,2.744930760580895,0.17006923941910523
0.504,0.7099986140302037,-0.2059986140302037
1.5,2.67907339301603,-1.1790733930160302
2.246,2.5150898928876164,-0.2690898928876164
1.306,1.8547093465730757,-0.5487093465730757
0.697,1.2909964808107022,-0.5939964808107022
3.53,3.03426246260368,0.49573753739632
2.312,2.9460023553537473,-0.6340023553537475
2.051,2.0704985747841285,-0.01949857478412831
3.981,3.116629816241198,0.864370183758802
1.413,2.1061680941355636,-0.6931680941355636
1.733,1.9394357455151732,-0.20643574551517307
1.279,0.8957037445005851,0.3832962554994148
2.895,2.0956259289496484,0.7993740710503516
0.959,1.3016847479183564,-0.34268474791835646
1.334,1.7121644019702327,-0.3781644019702326
1.468,2.195154522922582,-0.7271545229225822
1.813,1.8219750887908328,-0.008975088790832864
0.546,0.7117115997595329,-0.16571159975953287
0.555,0.8292496493541845,-0.2742496493541845
1.5,2.0783529068542026,-0.5783529068542026
1.028,0.8081557537636483,0.21984424623635168
0.933,1.1589999520587857,-0.22599995205878565
1.231,1.8565391272759124,-0.6255391272759123
2.318,1.3249582893994252,0.9930417106005749
1.595,1.9513914905438658,-0.3563914905438659
1.083,-0.13653707171387408,1.219537071713874
0.431,0.7411023876362668,-0.3101023876362668
1.056,1.136479987012506,-0.08047998701250592
1.683,1.7708942455385233,-0.08789424553852321
0.283,2.2692808971801193,-1.9862808971801194
2.829,2.809614629781924,0.019385370218076403
2.343,2.6125052711991597,-0.2695052711991597
2.125,1.475660965131119,0.649339034868881
2.056,1.815390741379726,0.24060925862027416
1.5,2.006483826848167,-0.5064838268481671
1.93,2.1915023588820595,-0.2615023588820595
0.14999,2.5849928116139416,-2.4350028116139417
1.7,1.5802041319226208,0.11979586807737919
1.683,2.2822924061588967,-0.5992924061588967
0.935,1.7107103221750608,-0.7757103221750608
1.918,1.9737718274339415,-0.0557718274339416
1.815,2.388378041965917,-0.5733780419659169
1.954,2.6675134385626214,-0.7135134385626214
1.219,1.7799058241418941,-0.560905824141894
1.426,1.9801228231056598,-0.5541228231056599
1.583,2.0599274193269324,-0.4769274193269324
1.653,1.65785086348347,-0.00485086348347008
1.55,1.8120867861496492,-0.2620867861496492
0.921,1.3657075672071919,-0.44470756720719185
0.681,0.7671734983690981,-0.08617349836909804
2.763,2.5780778975127867,0.1849221024872132
3.352,3.9325870614762746,-0.5805870614762747
1.211,1.2101502664005055,0.0008497335994945843
1.771,1.3921663237947566,0.37883367620524333
1.875,1.5913659128078945,0.2836340871921055
1.92,2.097901454393663,-0.177901454393663
3.012,2.8095202267471975,0.20247977325280253
1.591,1.7751757199963136,-0.18417571999631366
5.00001,5.967509164858685,-0.967499164858685
2.737,2.5802666596713104,0.15673334032868969
2.339,2.7752720282515013,-0.43627202825150135
5.00001,2.2487004385166736,2.751309561483326
2.228,2.78077877681524,-0.5527787768152397
1.402,1.356420985734987,0.045579014265012985
1.598,1.6918900423624328,-0.0938900423624327
1.188,1.65351784860295,-0.4655178486029501
5.00001,2.4948296194459596,2.50518038055404
1.055,1.4726770838470968,-0.4176770838470969
2.178,1.9680986938250422,0.20990130617495772
1.875,1.6486836898732742,0.22631631012672582
2.873,3.3753868383601806,-0.5023868383601804
1.31,1.9504754476977055,-0.6404754476977055
0.558,0.50911285539609,0.04888714460391008
1.619,2.3642592762747094,-0.7452592762747094
2.536,1.5859249701271727,0.9500750298728273
1.55,1.913415911153065,-0.36341591115306504
3.115,3.0695407702321247,0.04545922976787553
0.878,0.04866158807955845,0.8293384119204416
1.058,1.8699240209249002,-0.8119240209249001
1.37,1.729819309457667,-0.35981930945766694
1.563,1.7281559916022482,-0.16515599160224825
1.547,2.0675021641085465,-0.5205021641085466
1.674,1.1423223245778955,0.5316776754221044
4.578,2.827586661265528,1.7504133387344725
5.00001,2.9229337939539377,2.077076206046062
1.883,2.9897230441955185,-1.1067230441955185
4.429,2.2882197731015896,2.1407802268984106
5.00001,4.854744645950911,0.1452653540490889
5.00001,3.4314125371898374,1.5685974628101622
1.875,1.8724727344030272,0.0025272655969728053
0.574,0.7455558284956838,-0.17155582849568385
3.875,2.7125393687740464,1.1624606312259536
2.72,3.0617805809324077,-0.3417805809324075
1.676,1.7038519737045053,-0.027851973704505317
4.037,2.7729478669997745,1.2640521330002255
1.917,1.5202179289013524,0.3967820710986476
5.00001,2.1556231796985093,2.8443868203014904
1.871,2.2743984958885646,-0.4033984958885646
0.964,1.704190280418466,-0.7401902804184661
0.924,0.7103771776446883,0.21362282235531171
2.139,2.3887812979298926,-0.2497812979298928
1.55,2.3884155663032196,-0.8384155663032196
1.33,1.7997260716213321,-0.46972607162133206
2.75,1.1421175874379872,1.6078824125620128
2.385,2.1913236085947236,0.19367639140527615
1.583,1.6542953758169214,-0.07129537581692147
0.705,1.1911224232803725,-0.4861224232803726
2.223,2.2462847314261922,-0.023284731426192362
4.119,3.290059756780236,0.8289402432197637
1.851,1.7355584347093633,0.11544156529063665
5.00001,2.4591114678261854,2.5408985321738142
1.398,1.6731859158879525,-0.2751859158879526
1.781,2.3443492124651506,-0.5633492124651507
1.593,2.037180666535887,-0.44418066653588717
1.25,1.6887634805286504,-0.43876348052865044
1.971,2.8007643411635317,-0.8297643411635316
0.64,0.870269705092916,-0.230269705092916
1.946,1.947504517193583,-0.0015045171935830215
1.625,0.6290684882603079,0.9959315117396921
0.844,1.1910588693159199,-0.3470588693159199
0.613,0.5666254598004776,0.04637454019952236
3.682,3.1106338205340527,0.5713661794659473
1.221,1.5392414106134567,-0.31824141061345657
0.861,0.8026625394526472,0.05833746054735278
2.099,2.1418046677046143,-0.04280466770461411
1.708,2.018906809015404,-0.3109068090154039
1.75,2.177510722015169,-0.4275107220151688
1.266,1.4050471268069402,-0.1390471268069402
2.822,2.2292911410604885,0.5927088589395115
2.077,2.610746218395808,-0.5337462183958079
1.042,1.6706905907612817,-0.6286905907612816
2.143,2.741251476282958,-0.5982514762829583
0.803,1.233709674041617,-0.43070967404161686
2.731,2.852365423193392,-0.12136542319339227
2.375,2.72520839301374,-0.35020839301374007
0.738,1.0685383381925777,-0.3305383381925777
1.844,1.9982887322549268,-0.15428873225492667
3.42,2.3297444727583576,1.0902555272416423
1.297,1.7147114422915437,-0.4177114422915438
2.24,3.01071059820641,-0.77071059820641
1.569,1.9433656626468419,-0.3743656626468419
3.949,3.1195891074960356,0.8294108925039643
1.577,2.3097509420161164,-0.7327509420161165
1.199,1.7454283129704757,-0.5464283129704757
3.169,2.670177578224618,0.49882242177538183
2.125,2.6114137925366965,-0.4864137925366965
0.683,1.0000804151678633,-0.3170804151678632
1.651,2.108921325242032,-0.457921325242032
0.936,1.284412768188754,-0.348412768188754
0.888,1.553201065423223,-0.6652010654232229
1.847,2.3623823600454323,-0.5153823600454324
3.271,3.0877243842161937,0.18327561578380624
1.343,1.35661922260954,-0.01361922260953996
5.00001,2.5473407134651427,2.452669286534857
1.621,2.089830416342659,-0.4688304163426591
5.00001,5.376587597399027,-0.3765775973990273
2.292,1.9489969099147788,0.343003090085221
1.125,1.4474930584374008,-0.32249305843740084
3.542,2.6903218999770036,0.8516781000229963
3.621,2.9356082227739595,0.6853917772260405
1.625,1.3137410395632263,0.3112589604367737
1.005,1.5456299961446076,-0.5406299961446077
0.677,0.5092866472398798,0.16771335276012023
0.571,0.8778080572742053,-0.30680805727420535
1.648,2.4612290740385694,-0.8132290740385695
2.042,2.036871239335717,0.005128760664282694
3.424,2.888247642725025,0.5357523572749749
1.815,1.5516183212721524,0.26338167872784757
3.045,1.9576461920019037,1.0873538079980962
2.353,3.0112535886320244,-0.6582535886320242
1.053,1.892430038868675,-0.8394300388686751
2.914,2.311871206780894,0.602128793219106
1.596,2.46927325876773,-0.8732732587677301
1.118,1.3280802207968545,-0.2100802207968544
1.196,1.3713179050366964,-0.17531790503669642
3.297,2.6678996581664856,0.6291003418335146
1.367,2.29382307962754,-0.9268230796275398
1.014,1.4563972711844353,-0.4423972711844353
1.186,1.0716669688840077,0.11433303111599225
1.333,1.2442209978694243,0.08877900213057566
0.525,0.673864602278667,-0.14886460227866694
2.346,2.9854151003907394,-0.6394151003907393
0.75,1.7563628769683466,-1.0063628769683466
1.763,2.1898763976018056,-0.42687639760180573
3.468,2.732458520711521,0.7355414792884791
2.518,2.5670832700465747,-0.04908327004657487
0.542,1.171969460695761,-0.6299694606957609
0.675,1.7778580735729275,-1.1028580735729274
1.425,2.12820878276818,-0.7032087827681799
1.016,1.3884202765906606,-0.37242027659066057
2.273,3.018786212402563,-0.7457862124025629
3.372,2.5008837622901425,0.8711162377098574
1.188,1.9088733864040113,-0.7208733864040113
0.675,0.7854213707223558,-0.1104213707223558
2.02,2.3068458251139514,-0.2868458251139514
0.942,1.1376898594985745,-0.19568985949857454
0.962,0.8807371129319101,0.08126288706808982
2.25,2.561016994256837,-0.3110169942568368
2.587,1.838582554476106,0.7484174455238941
1.031,1.1706126158668684,-0.13961261586686846
1.172,1.50846359599774,-0.33646359599774
1.648,1.0287013311765447,0.6192986688234552
1.44,2.019414344614503,-0.579414344614503
5.00001,3.4668444008913006,1.533165599108699
1.554,0.7507136654154012,0.8032863345845989
1.147,1.3787070162006612,-0.23170701620066114
1.231,2.1217751480791858,-0.8907751480791857
2.268,2.4799196646438917,-0.2119196646438919
1.804,1.0850728890335786,0.7189271109664215
3.109,3.2882230462666646,-0.17922304626666463
1.488,2.072836525806329,-0.5848365258063288
0.847,1.3106091729247504,-0.46360917292475046
0.637,1.1059784833850586,-0.46897848338505854
2.62,2.194510144478504,0.4254898555214961
4.381,3.7678819564760238,0.6131180435239765
2.265,2.2606001368788786,0.004399863121121506
0.876,0.9072109903507313,-0.03121099035073127
3.455,3.0265660102546725,0.42843398974532754
1.401,1.405743162616931,-0.004743162616930974
3.667,2.1055017379018834,1.5614982620981164
2.708,2.4603300716632313,0.24766992833676893
1.688,2.3486386278142284,-0.6606386278142284
2.938,3.096265129803542,-0.1582651298035418
2.518,3.1929138596207385,-0.6749138596207387
0.851,0.742726239467157,0.10827376053284299
2.675,3.0143912976119753,-0.3393912976119755
1.409,2.1775868668662084,-0.7685868668662084
2.855,1.8366619559607316,1.0183380440392684
1.513,1.9565507589146185,-0.4435507589146186
2.25,2.13049299020599,0.11950700979401008
0.446,0.9199144666406993,-0.4739144666406993
4.5,1.5701282434956267,2.9298717565043733
2.293,3.038066622927674,-0.7450666229276739
2.25,0.5375388392126506,1.7124611607873494
1.38,1.8793531882578025,-0.4993531882578026
0.969,1.0599804188437982,-0.09098041884379826
1.612,2.0783001302977606,-0.4663001302977605
1.443,0.9318538206777431,0.5111461793222569
4.5,1.5533564242209024,2.9466435757790976
1.225,1.7819789889753852,-0.5569789889753851
2.487,2.344310309263293,0.14268969073670723
1.342,2.0388057374771686,-0.6968057374771686
3.481,3.4121148251039513,0.06888517489604862
0.783,0.23225452612167263,0.5507454738783274
1.078,1.0225396575751335,0.05546034242486653
1.469,1.8832825680335001,-0.41428256803350005
1.883,2.240465710887433,-0.35746571088743284
1.625,1.1817713080934502,0.4432286919065498
0.586,0.47322690527699907,0.1127730947230009
1.837,2.010142722332001,-0.173142722332001
1.804,1.8702015601631197,-0.06620156016311962
1.75,1.9350669000168277,-0.18506690001682768
1.372,2.632580738608916,-1.260580738608916
1.1,3.436930746084014,-2.336930746084014
2.334,2.6252255114945715,-0.29122551149457143
1.283,0.640404507109213,0.6425954928907869
3.5,1.501923720468538,1.998076279531462
1.552,1.987180448627473,-0.43518044862747285
2.567,2.7205608277735367,-0.15356082777353652
0.859,1.1710401029043012,-0.3120401029043012
0.732,0.7257988558719055,0.006201144128094471
2.583,1.9047604646046876,0.6782395353953126
0.628,0.5157267012368743,0.11227329876312575
4.85,2.765521379535265,2.0844786204647345
1.24,1.9090389788095277,-0.6690389788095277
1.585,2.216595717503316,-0.6315957175033162
0.973,1.4152377560629112,-0.44223775606291127
1.867,2.5854809767525153,-0.7184809767525153
3.441,3.4611319880361844,-0.020131988036184545
1.667,2.158323490642598,-0.49132349064259784
1.089,0.6631182837125564,0.42588171628744353
4.829,2.595899884002862,2.2331001159971375
2.044,2.504066192102369,-0.460066192102369
2.307,2.311891209005963,-0.00489120900596296
0.53,0.8674918818011876,-0.3374918818011876
1.785,1.769307779361656,0.015692220638343857
5.00001,3.5543180134236176,1.445691986576382
5.00001,5.871172652410689,-0.871162652410689
0.849,1.1865527233882243,-0.3375527233882243
5.00001,2.667165003561778,2.3328449964382214
2.468,3.111924227386077,-0.6439242273860772
1.563,1.7214002352319562,-0.15840023523195623
2.346,1.8484457458136088,0.4975542541863913
0.488,0.762720836334583,-0.274720836334583
1.458,1.9815658885133387,-0.5235658885133387
2.715,2.8942261748363274,-0.17922617483632752
5.00001,2.3219179303665625,2.678092069633437
0.875,2.322238564826412,-1.4472385648264119
0.691,0.7693950631102144,-0.07839506311021449
1.393,1.6785707474134801,-0.2855707474134801
2.734,2.1902183906074986,0.5437816093925014
2.297,2.300404889188112,-0.0034048891881117704
0.682,0.6669524553592008,0.01504754464079927
1.143,1.361617818818062,-0.21861781881806208
1.599,2.170382174757414,-0.5713821747574139
1.166,1.5315082853034012,-0.3655082853034013
2.099,2.5208207348807012,-0.42182073488070104
0.689,0.46323760796680724,0.2257623920331927
1.014,1.7084893320346497,-0.6944893320346497
2.14,2.31658959647477,-0.1765895964747699
3.553,3.4198328317726876,0.13316716822731234
0.903,2.0381850520827256,-1.1351850520827256
1.593,2.136504317769516,-0.543504317769516
0.639,0.9177502621636542,-0.27875026216365417
2.182,2.2540673656450747,-0.07206736564507477
2.536,2.8004681147579067,-0.26446811475790666
0.813,0.9024564693469435,-0.08945646934694351
1.886,2.5149985169234235,-0.6289985169234236
1.654,2.9739642131680055,-1.3199642131680056
1.063,1.7187550401589364,-0.6557550401589365
2.101,2.667377658506707,-0.5663776585067071
1.476,1.9242942301954666,-0.44829423019546666
1.125,2.239815213554734,-1.114815213554734
1.75,2.1806889299579484,-0.4306889299579484
1.566,2.288655652418284,-0.7226556524182841
1.173,2.0375674889928046,-0.8645674889928046
2.292,1.7156746992255076,0.5763253007744922
3.5,1.9037971166566754,1.5962028833433246
1.719,1.2977313198572729,0.4212686801427272
1.993,2.289561746001731,-0.2965617460017309
2.516,2.6555309495878294,-0.1395309495878294
3.0,1.9944542236455405,1.0055457763544595
1.589,1.5558376570943135,0.033162342905686426
2.168,2.6757378110650443,-0.5077378110650441
1.98,2.6332824976019324,-0.6532824976019325
3.561,3.0490423133784708,0.5119576866215292
1.923,2.226043423956165,-0.303043423956165
3.145,2.3706728909409778,0.7743271090590222
0.5,0.6910352322952165,-0.19103523229521646
1.625,2.1279985926261746,-0.5029985926261746
1.671,2.0672115731123815,-0.3962115731123814
1.388,1.5560680322708649,-0.16806803227086498
1.476,1.9840095081188052,-0.5080095081188052
2.385,2.3924422304294883,-0.00744223042948855
1.107,1.5608308745407764,-0.4538308745407764
3.338,3.276684378528712,0.06131562147128822
1.921,2.158255533935911,-0.23725553393591103
2.94,2.1472970700899325,0.7927029299100674
1.545,1.5733182699796973,-0.02831826997969733
1.519,2.1692654230691883,-0.6502654230691884
5.00001,4.820696994913329,0.17931300508667025
3.229,2.9375085946364545,0.29149140536354556
1.656,2.0828540642667805,-0.42685406426678063
2.212,2.0981530449317622,0.11384695506823794
1.704,2.1928602528760903,-0.48886025287609036
1.987,1.9822946926464082,0.00470530735359187
1.625,1.6620530067784423,-0.037053006778442255
4.112,3.6054830959795936,0.5065169040204065
3.355,2.9360867539542177,0.4189132460457823
1.491,1.5846291662966294,-0.09362916629662932
3.815,2.5678770257179946,1.2471229742820054
1.839,1.0140582404744325,0.8249417595255675
0.912,1.4705470792617197,-0.5585470792617196
4.115,3.7318343574263007,0.38316564257369956
2.203,2.595042003121923,-0.39204200312192317
1.581,2.169003324384573,-0.588003324384573
0.696,-0.03357018478228291,0.7295701847822829
2.705,2.8793546907000644,-0.17435469070006437
2.616,2.3903893343390683,0.2256106656609318
3.895,2.9527638392299194,0.9422361607700807
0.75,1.0351579704660057,-0.28515797046600566
1.776,2.57215899728309,-0.7961589972830898
1.704,0.594615228246294,1.109384771753706
1.542,2.1760734029386812,-0.6340734029386812
1.319,1.7550390818343011,-0.4360390818343012
0.444,0.3361936375882413,0.10780636241175873
1.45,1.8458569168073549,-0.3958569168073549
2.241,2.8399585213800362,-0.5989585213800361
1.875,1.1500639844649754,0.7249360155350246
1.929,1.6676443590079797,0.26135564099202035
0.886,0.8425272577542322,0.043472742245767804
1.839,2.1550340151924914,-0.3160340151924914
2.25,3.024557812215253,-0.774557812215253
1.828,1.5775364370817964,0.2504635629182037
1.376,1.8683372992039085,-0.49233729920390856
2.653,2.8041552843998363,-0.15115528439983628
0.366,0.6501721454485678,-0.28417214544856784
1.255,1.6882620717051968,-0.4332620717051969
1.386,2.071363584484796,-0.6853635844847961
4.871,2.648853032029172,2.2221469679708283
1.786,1.875321503608257,-0.08932150360825686
1.345,2.0222671429864265,-0.6772671429864265
3.067,3.3487581986698527,-0.2817581986698525
1.158,2.194891940533011,-1.0368919405330113
0.914,1.3039989374054461,-0.3899989374054461
2.109,2.301383618481868,-0.1923836184818679
2.592,2.9665341950304356,-0.3745341950304355
3.473,3.82834755719651,-0.35534755719651034
1.684,2.367047219303514,-0.683047219303514
1.509,0.9912066720793902,0.5177933279206097
1.135,1.244311173349936,-0.1093111733499359
3.026,2.9074820047993386,0.1185179952006612
4.233,2.6185730611287337,1.614426938871266
4.922,3.723712065530221,1.1982879344697785
1.906,2.1381669211189367,-0.23216692111893678
2.45,2.003189708567946,0.4468102914320542
0.557,1.1988308859491879,-0.6418308859491878
0.84,1.877555351683601,-1.0375553516836011
2.75,2.8547755163145303,-0.1047755163145303
1.896,1.5758566298135237,0.3201433701864762
2.759,1.8462390782989258,0.9127609217010741
3.198,3.351819905432887,-0.15381990543288726
2.917,2.39415518942912,0.5228448105708798
0.679,0.921992504396496,-0.242992504396496
1.89,2.413943144325406,-0.5239431443254061
0.9,1.6006360750422988,-0.7006360750422987
3.35,2.570608838029455,0.7793911619705449
1.767,1.6916860029104508,0.07531399708954911
0.985,1.5059782268617763,-0.5209782268617763
2.006,2.215393835833242,-0.20939383583324211
0.602,0.9976869082355548,-0.39568690823555486
1.919,2.1195669426536097,-0.20056694265360964
1.911,2.173270092863674,-0.2622700928636741
3.373,3.204106456368731,0.16889354363126907
2.25,2.1367995872495205,0.11320041275047954
2.906,1.7878428068503829,1.1181571931496173
1.215,1.1215501352927795,0.09344986470722061
2.932,3.0062537469189627,-0.0742537469189628
1.07,1.3608203953111104,-0.29082039531111037
2.664,2.475493850254992,0.18850614974500823
0.769,1.3904038240001637,-0.6214038240001637
2.203,1.443931139794452,0.7590688602055478
1.011,1.5025153846605002,-0.49151538466050027
4.746,2.7719935190114064,1.974006480988594
0.653,0.5235234832231628,0.12947651677683725
1.137,1.396837157407214,-0.259837157407214
2.142,2.2648449511232327,-0.12284495112323279
2.167,2.779069611356522,-0.6120696113565223
1.984,2.3456379416385866,-0.36163794163858665
2.122,1.6437047943982388,0.4782952056017611
2.227,2.4944507842307724,-0.2674507842307725
2.659,2.712844990387084,-0.053844990387084124
0.375,1.0025885954686518,-0.6275885954686518
2.65,2.5273120111922864,0.12268798880771348
1.087,1.245288889611296,-0.15828888961129595
0.467,0.9302533809736901,-0.4632533809736901
1.875,2.2719756961648163,-0.3969756961648163
0.616,0.440802789542285,0.17519721045771497
3.43,3.108351726144279,0.32164827385572137
1.66,1.9757410157675066,-0.3157410157675067
5.00001,2.2733346850743867,2.726675314925613
1.375,2.3452810315582457,-0.9702810315582457
0.906,0.36545786065863206,0.540542139341368
0.77,1.3971661887794133,-0.6271661887794133
1.481,2.163437508478114,-0.6824375084781138
0.916,1.712491553894566,-0.7964915538945659
1.509,1.4557451487425233,0.05325485125747664
1.551,2.0247298210524813,-0.4737298210524814
0.892,1.2367380609176686,-0.34473806091766857
2.154,1.6372748074920274,0.5167251925079726
0.551,0.4031087353973446,0.14789126460265545
1.974,1.9978595951540403,-0.023859595154040347
1.544,1.8144410060329408,-0.27044100603294075
1.417,1.8619715852903345,-0.4449715852903344
0.984,1.1949568401884574,-0.2109568401884574
1.526,2.0446873063383335,-0.5186873063383335
1.096,1.5815238401286411,-0.485523840128641
1.713,1.552516327332747,0.16048367266725316
1.041,0.9306410778183709,0.11035892218162902
1.539,2.2897245381540063,-0.7507245381540064
2.7,2.044162158973526,0.6558378410264742
2.865,3.0292986840567635,-0.1642986840567633
3.35,2.480693226959718,0.8693067730402819
1.377,1.8914374958688867,-0.5144374958688867
2.32,2.0827511513396577,0.23724884866034213
3.938,2.7741012726698746,1.1638987273301256
0.703,0.7659850015580885,-0.0629850015580885
1.417,1.6715692407582043,-0.2545692407582043
1.563,1.987735976427986,-0.4247359764279861
4.5,2.546753569097236,1.9532464309027642
1.998,1.69276535199497,0.3052346480050301
0.953,1.2666843729236001,-0.3136843729236002
0.869,1.3846002181111894,-0.5156002181111894
1.875,1.6885761402294523,0.18642385977054765
2.218,2.8958865307134762,-0.6778865307134763
0.588,0.6624605352766122,-0.07446053527661223
1.344,0.967004929831923,0.3769950701680771
2.386,2.877480014297904,-0.4914800142979039
1.609,1.9581096702215386,-0.3491096702215386
1.364,1.9818495830907061,-0.617849583090706
1.44,1.9516068584655932,-0.5116068584655933
1.593,2.239515261456125,-0.6465152614561251
1.553,1.8626746204380005,-0.30967462043800054
1.426,2.6081612879850717,-1.1821612879850718
1.207,1.3269192266475973,-0.11991922664759724
1.262,1.7637662513634424,-0.5017662513634424
2.134,2.594780391550189,-0.4607803915501889
1.169,1.6074379399774286,-0.4384379399774285
1.858,2.071359786830564,-0.2133597868305639
3.56,3.5093713173998076,0.05062868260019249
1.5,1.297165948031682,0.20283405196831805
0.889,1.0123310221127957,-0.12333102211279567
2.591,2.1276744034137565,0.4633255965862437
5.00001,3.660891573651784,1.3391184263482154
1.276,1.3452796903490736,-0.06927969034907355
0.699,1.2549102201877833,-0.5559102201877834
1.37,2.2955529882460937,-0.9255529882460936
2.737,2.7039216066900362,0.03307839330996387
0.92,1.229862888113867,-0.30986288811386686
1.183,1.804275343708487,-0.621275343708487
4.108,4.864859541350441,-0.7568595413504413
1.005,1.1542159453294099,-0.14921594532940996
4.929,2.523386829532572,2.4056131704674284
1.185,1.5232909815481932,-0.33829098154819315
1.135,1.7350408412478062,-0.6000408412478062
0.899,1.6343823431728715,-0.7353823431728714
5.00001,3.891947335372247,1.1080626646277527
5.00001,4.645564124591134,0.3544458754088655
1.463,3.0670626604662328,-1.6040626604662327
1.135,1.62305557429984,-0.48805557429984003
2.75,2.4150406878304835,0.33495931216951647
1.025,1.477256015715103,-0.452256015715103
1.471,2.130431126353718,-0.6594311263537178
2.25,2.237744231335216,0.01225576866478395
1.394,1.3368585809651186,0.05714141903488135
1.758,2.3269099230174604,-0.5689099230174604
0.57,1.6033085696791725,-1.0333085696791726
2.696,1.9982954281811391,0.697704571818861
2.729,2.7926798225468876,-0.06367982254688753
0.762,1.1363265387319494,-0.37432653873194943
4.841,4.086722361643584,0.7542776383564158
1.806,1.7850029353979575,0.020997064602042537
2.38,2.245683310265165,0.13431668973483468
1.375,1.3401048676510778,0.034895132348922164
1.863,1.4249711326170214,0.43802886738297864
1.929,2.578241426754479,-0.649241426754479
0.845,0.5184529506755431,0.3265470493244569
1.076,1.9319334942238742,-0.8559334942238741
0.555,0.2676003198751875,0.28739968012481254
2.653,2.296609082646567,0.356390917353433
3.883,3.0829184098981095,0.8000815901018905
4.827,3.221975074728411,1.605024925271589
1.981,2.9889643354809303,-1.0079643354809302
0.927,0.8320076743298834,0.09499232567011662
3.462,3.340476959443318,0.12152304055668228
0.388,1.1880752819534475,-0.8000752819534475
0.567,0.756118286568968,-0.189118286568968
1.237,2.2695404921949915,-1.0325404921949914
0.938,1.182785285835749,-0.2447852858357491
0.932,1.297578185081641,-0.36557818508164097
0.44,0.06724407403150856,0.37275592596849144
0.692,1.4892665198109525,-0.7972665198109525
3.018,2.9812940175987404,0.03670598240125944
2.542,1.8618861320845002,0.6801138679154997
2.098,2.638599270528987,-0.540599270528987
1.845,2.063306964201094,-0.21830696420109397
0.734,1.0121183573799686,-0.2781183573799686
3.39,3.3236673018467977,0.06633269815320242
0.931,1.4451622383928588,-0.5141622383928588
2.023,2.2958214794145917,-0.27282147941459156
1.333,1.250777140891092,0.08222285910890803
2.707,2.6881555390766754,0.01884446092332448
2.402,3.0347674127736104,-0.6327674127736103
1.393,1.2772483643960895,0.11575163560391055
0.57,0.9648218027205395,-0.39482180272053957
1.707,0.9678467366513204,0.7391532633486797
1.192,1.69753796155128,-0.5055379615512801
1.773,2.3503596840252996,-0.5773596840252997
2.896,2.7832976286475355,0.11270237135246441
2.976,2.2262259448767,0.7497740551233001
1.099,1.51278222272306,-0.4137822227230601
1.475,1.4694683972213602,0.005531602778639844
0.787,0.35531073367744836,0.43168926632255167
1.603,2.4703189971673623,-0.8673189971673623
0.777,1.4756301092726591,-0.6986301092726591
4.735,3.9860432510122186,0.7489567489877818
5.00001,4.6409196195979625,0.3590903804020371
1.331,1.27391669236876,0.05708330763124003
0.935,1.079812965586534,-0.144812965586534
2.801,2.7070536212065255,0.09394637879347467
2.567,2.3148324033473915,0.2521675966526087
2.88,2.8296755717544197,0.050324428245580144
1.611,1.549758288136203,0.0612417118637969
1.37,2.098701436348389,-0.728701436348389
0.62,0.9529068670993912,-0.3329068670993912
4.438,3.765988116524232,0.6720118834757676
0.683,0.34314612814431067,0.3398538718556894
2.621,2.6093667866928048,0.011633213307195245
1.094,0.937172711372892,0.15682728862710804
4.093,3.220077047001393,0.8729229529986071
1.752,2.0505538158616643,-0.2985538158616643
1.477,1.891087949328207,-0.4140879493282068
2.875,1.7529214679033172,1.1220785320966828
0.932,1.5646100472187965,-0.6326100472187964
0.938,1.5897749214102406,-0.6517749214102406
1.724,1.8688796251019903,-0.14487962510199037
3.186,2.872474898685478,0.31352510131452194
1.852,1.750748505717439,0.10125149428256108
0.652,0.6337483748550008,0.01825162514499923
1.797,0.9969045207563543,0.8000954792436457
1.592,1.5882800410092566,0.0037199589907435104
1.519,1.6922378750767892,-0.17323787507678934
0.717,1.0820518971091841,-0.3650518971091842
2.452,1.756067701948387,0.6959322980516129
2.283,2.661211671167666,-0.3782116711676662
1.964,1.509759146898154,0.45424085310184603
1.924,2.07243568409743,-0.1484356840974299
0.659,0.564571190444396,0.09442880955560407
2.823,1.7548983444640132,1.0681016555359868
1.853,2.102510206751948,-0.24951020675194813
0.886,1.4193751963792614,-0.5333751963792613
0.675,1.0012773732680365,-0.3262773732680364
1.434,0.8308016353282413,0.6031983646717587
1.194,1.258875954017896,-0.06487595401789603
2.158,2.800200520852589,-0.6422005208525889
2.574,2.8093850557843325,-0.23538505578433266
3.734,2.9119881510711205,0.8220118489288795
1.523,1.7013784893732722,-0.17837848937327228
2.457,2.947559061617072,-0.4905590616170721
0.8,1.5101036352142807,-0.7101036352142807
1.372,1.3168283530007674,0.055171646999232715
2.669,3.1043535324332847,-0.4353535324332847
3.953,3.0169130193248384,0.9360869806751615
2.221,2.7389165267919493,-0.5179165267919492
5.00001,2.0646053302649015,2.935404669735098
5.00001,3.4155666955324673,1.5844433044675323
2.329,2.3932381718000575,-0.06423817180005731
2.597,2.8929420187348924,-0.29594201873489245
2.157,1.5461077713312368,0.6108922286687632
2.432,2.9358591947985824,-0.5038591947985824
2.214,2.3495107346147046,-0.13551073461470464
1.125,1.389225096285744,-0.264225096285744
3.885,2.3664699674655445,1.5185300325344553
4.1,2.4149021486187654,1.6850978513812342
1.63,2.737515262745984,-1.1075152627459839
5.0,2.83525261191897,2.16474738808103
2.313,1.8461540991041516,0.46684590089584854
0.761,1.6004991578784344,-0.8394991578784344
4.586,2.430411401238496,2.155588598761504
3.663,3.0967289826137065,0.5662710173862933
2.968,2.252642269516857,0.7153577304831429
0.586,1.1277493185282819,-0.5417493185282819
0.848,1.0815660255314752,-0.2335660255314752
1.173,1.6607816258800299,-0.4877816258800298
1.266,0.47533016529379024,0.7906698347062098
1.708,2.455971282039913,-0.7479712820399131
1.493,1.2756636563290566,0.21733634367094345
1.19,0.757176755167865,0.43282324483213497
3.75,2.4185461620857707,1.3314538379142293
2.849,3.117281516032301,-0.2682815160323009
1.701,1.7102390241513863,-0.009239024151386221
5.00001,2.958823286366348,2.0411867136336515
0.987,1.3026672010601512,-0.3156672010601512
0.608,0.51924419805447,0.08875580194553001
1.428,1.5282546063860734,-0.10025460638607342
2.239,2.46130910908139,-0.22230910908139023
1.375,1.7024293769376495,-0.3274293769376495
2.978,3.0014318566253992,-0.02343185662539904
1.127,2.0077868614421646,-0.8807868614421646
1.133,0.6699527843021911,0.46304721569780893
1.214,1.414907821310279,-0.20090782131027907
2.484,2.722076301884308,-0.23807630188430817
4.078,3.5454028607180343,0.532597139281966
3.566,3.4378754016457402,0.1281245983542596
1.063,1.133625810231448,-0.0706258102314481
1.214,1.7302499723321991,-0.5162499723321992
2.409,2.112242985336095,0.2967570146639047
2.471,1.9082941829724236,0.5627058170275765
1.379,0.6984412474414854,0.6805587525585146
0.863,0.5095275686602903,0.35347243133970974
5.00001,3.5510673036799427,1.448942696320057
2.163,2.51733312095335,-0.35433312095335
3.056,2.830501507459206,0.2254984925407939
1.583,2.124089591376389,-0.5410895913763889
4.521,2.409381794032973,2.111618205967027
0.95,1.7362697682772428,-0.7862697682772428
1.057,0.2811004577500227,0.7758995422499773
0.846,1.2303988735858788,-0.3843988735858789
2.401,2.080217772156261,0.3207822278437389
1.625,1.6822363810745284,-0.05723638107452844
0.966,1.4671130216038462,-0.5011130216038462
0.922,0.5664266070538346,0.3555733929461654
2.282,2.283603493856502,-0.0016034938565021584
1.137,2.6426639517897894,-1.5056639517897894
0.69,0.8201057881392133,-0.13010578813921336
5.00001,3.7163012796477175,1.2837087203522821
2.25,1.9804517480286004,0.26954825197139964
1.74,1.8718520451555603,-0.13185204515556026
5.00001,3.646438093479807,1.3535719065201928
2.53,2.817214769971094,-0.2872147699710941
2.776,3.5339763195488345,-0.7579763195488347
2.852,2.7253216458815244,0.1266783541184755
0.903,1.6657613150066437,-0.7627613150066437
1.899,1.4098894652633887,0.48911053473661137
3.166,2.563662013969372,0.6023379860306277
3.019,2.8165487827156808,0.20245121728431936
0.931,0.9475138272672994,-0.01651382726729933
0.942,1.4060889539050672,-0.4640889539050672
2.138,2.335491041799134,-0.19749104179913424
1.875,2.012073173161313,-0.13707317316131284
5.00001,3.07180084779882,1.9282091522011795
3.257,3.0709280192064776,0.1860719807935225
3.0,2.078333493698626,0.9216665063013738
1.439,2.093069484850152,-0.6540694848501518
5.00001,4.527075674911301,0.4729343250886986
2.641,2.998109111474445,-0.35710911147444513
0.623,1.2406150927226474,-0.6176150927226474
1.388,0.606526574615248,0.781473425384752
1.054,1.9332755397143893,-0.8792755397143892
0.635,0.5388816696540577,0.0961183303459423
5.00001,1.6680339913782647,3.331976008621735
0.978,0.9969380583722871,-0.018938058372287125
1.274,1.8811485704894904,-0.6071485704894903
1.353,1.9245221339106489,-0.5715221339106489
1.561,1.8021449495226733,-0.2411449495226734
4.468,3.659699488907009,0.8083005110929911
0.65,0.6603887318359045,-0.010388731835904497
1.518,1.9191605994996954,-0.4011605994996954
1.922,2.035348285642273,-0.11334828564227295
1.531,1.8829130303388584,-0.35191303033885846
1.658,2.027238798500223,-0.369238798500223
2.542,2.313975151600775,0.22802484839922466
2.342,2.667508935257067,-0.32550893525706703
1.125,1.2574956486227906,-0.13249564862279062
1.187,1.3989515242715218,-0.21195152427152175
2.409,2.1291429429023268,0.27985705709767306
2.833,3.3402090278575103,-0.5072090278575101
4.5,0.867216205668023,3.632783794331977
0.521,1.006753048968951,-0.4857530489689509
0.559,0.860215646743302,-0.3012156467433019
0.881,0.7212866315317721,0.15971336846822792
2.489,2.336915242771824,0.15208475722817605
0.686,0.8246111440293684,-0.13861114402936836
1.563,1.7211352116640781,-0.15813521166407818
2.727,2.6728757667575724,0.05412423324242743
3.404,2.769912076930633,0.6340879230693668
2.188,1.6490504991150692,0.538949500884931
0.701,0.9052572835184849,-0.20425728351848493
5.00001,2.7837426714253617,2.216267328574638
1.625,11.500331025900987,-9.875331025900987
1.118,1.0863494497122579,0.03165055028774222
1.102,1.2326541599703726,-0.13065415997037255
0.742,0.7895427006990763,-0.04754270069907629
1.032,1.5600092758382735,-0.5280092758382735
1.721,2.2127918065392556,-0.49179180653925547
1.32,1.3878398008373125,-0.06783980083731245
1.663,2.0429245409291923,-0.37992454092919226
1.073,1.521810113332463,-0.4488101133324631
1.079,0.796298932406651,0.282701067593349
0.946,0.9300833284563756,0.015916671543624306
0.661,1.1389172872365179,-0.47791728723651783
1.582,2.106826958616637,-0.524826958616637
0.958,0.6582541961921664,0.29974580380783356
1.17,1.3101659667046524,-0.14016596670465242
1.709,2.1253369349675064,-0.41633693496750634
0.929,1.5456745404897092,-0.6166745404897092
1.625,1.7919423822467584,-0.1669423822467584
1.938,1.672059863255169,0.26594013674483086
1.346,1.2655739009864768,0.08042609901352327
1.231,0.7157009648528765,0.5152990351471236
1.157,1.4353218447305516,-0.27832184473055155
0.835,1.6721192119078978,-0.8371192119078978
0.622,0.8329083491854361,-0.2109083491854361
0.744,0.9792420485470426,-0.23524204854704256
1.801,2.022749432299256,-0.22174943229925614
1.958,2.586121608074757,-0.6281216080747571
5.00001,4.600804065281698,0.39920593471830124
1.443,1.6407490330995387,-0.19774903309953862
1.254,1.171409870234978,0.082590129765022
0.808,1.2050204888105005,-0.39702048881050045
0.659,1.1766977684469913,-0.5176977684469912
1.579,2.4301982918511364,-0.8511982918511365
5.00001,2.1948846925167813,2.8051253074832183
1.808,2.179344736292218,-0.37134473629221776
2.362,2.766618062360887,-0.4046180623608868
1.03,1.6485019843585325,-0.6185019843585324
2.169,1.8903694381088396,0.2786305618911604
3.833,1.7703418271860483,2.062658172813952
5.00001,1.7111556154245813,3.2888543845754183
0.835,0.3178903057309228,0.5171096942690772
2.144,1.9023371728590672,0.2416628271409329
1.0,0.3495393823017918,0.6504606176982082
0.788,0.9186158541179452,-0.13061585411794518
0.976,1.4813035236788301,-0.5053035236788301
1.784,2.2623891230582385,-0.47838912305823844
2.871,3.072180211899381,-0.20118021189938107
2.701,3.2154834081779757,-0.5144834081779757
1.855,2.604898535920471,-0.7498985359204711
0.906,1.719073331591758,-0.8130733315917579
2.136,1.6130109103755559,0.5229890896244442
1.243,1.3640194480938157,-0.1210194480938156
2.05,1.3142900860416076,0.7357099139583922
2.567,2.0337114221310713,0.5332885778689289
3.927,3.649904343956484,0.27709565604351605
1.333,1.6630978772144687,-0.3300978772144687
1.871,2.2102700014056165,-0.3392700014056165
2.554,3.292598993562867,-0.7385989935628672
3.474,2.8068175796163812,0.667182420383619
1.717,1.6838408879729718,0.03315911202702826
1.125,1.8094753432069488,-0.6844753432069488
0.826,0.8169473270777512,0.009052672922248761
0.486,1.2335857292095997,-0.7475857292095998
1.341,2.2528717563783753,-0.9118717563783754
2.258,2.082244697168041,0.17575530283195917
5.00001,4.010686471987875,0.9893235280121244
4.7,2.9295023042921673,1.7704976957078329
2.258,2.5502858323466757,-0.2922858323466757
1.58,1.703571013869253,-0.12357101386925295
1.171,0.9313081550463211,0.2396918449536789
4.163,3.63795249279363,0.5250475072063701
1.208,1.067203624197965,0.14079637580203497
2.263,2.588488853248336,-0.325488853248336
1.222,1.5787670642160456,-0.35676706421604565
1.0,1.3380893951467168,-0.33808939514671676
2.295,2.3543936852301095,-0.05939368523010957
1.958,1.0744271469697424,0.8835728530302576
0.85,0.45464256553125937,0.3953574344687406
2.647,1.77964569905949,0.8673543009405098
4.555,4.06524125588953,0.4897587441104694
1.76,1.8187612606472339,-0.05876126064723386
0.811,0.9379897081966062,-0.12698970819660615
1.664,2.23264409754289,-0.5686440975428899
0.826,1.5723456170218983,-0.7463456170218984
2.722,1.90281673500268,0.8191832649973201
2.711,2.2128151781221903,0.49818482187780955
2.394,2.462755105182551,-0.06875510518255101
1.718,2.4690272680450955,-0.7510272680450956
1.218,0.41440518111929303,0.8035948188807069
1.736,1.6605762744018162,0.07542372559818378
2.393,2.261614992894899,0.13138500710510082
0.588,1.2250594316153998,-0.6370594316153998
2.875,2.4568738400858057,0.41812615991419433
0.707,1.1454532144185987,-0.43845321441859875
1.817,1.897472608789697,-0.08047260878969698
1.137,1.4970541408820734,-0.36005414088207344
2.241,2.5379484771868164,-0.2969484771868163
3.513,3.6271520431700908,-0.11415204317009087
3.013,2.9970763947732215,0.01592360522677838
0.807,2.595617629374473,-1.7886176293744729
1.526,1.775591874726857,-0.24959187472685707
2.374,2.7654050510256187,-0.3914050510256186
1.794,2.362821164913786,-0.568821164913786
5.00001,4.135155024569575,0.8648549754304247
1.702,2.3961400103284625,-0.6941400103284625
1.653,1.9213675513811153,-0.26836755138111523
2.259,2.4607982020172465,-0.20179820201724663
1.597,1.4844298686442943,0.1125701313557057
3.635,3.056345929828693,0.5786540701713068
1.321,2.0179396223482344,-0.6969396223482345
3.768,2.5499938698496365,1.2180061301503633
0.969,1.858475099593036,-0.889475099593036
3.162,2.7927438217950065,0.36925617820499346
3.238,2.70986896689877,0.5281310331012299
3.875,2.670182046029588,1.2048179539704118
1.491,1.8463716833717534,-0.3553716833717533
5.00001,6.357260268747015,-1.3572502687470154
2.25,1.2849517819938305,0.9650482180061695
1.788,2.118902617721003,-0.33090261772100305
0.875,1.5205029500205498,-0.6455029500205498
1.301,1.7928930996016363,-0.4918930996016364
5.00001,3.712914326877839,1.2870956731221606
3.49,2.962948197849622,0.5270518021503783
0.73,1.418240607653339,-0.6882406076533389
2.447,2.4792735278158125,-0.032273527815812386
2.754,2.15967619806959,0.5943238019304098
2.462,2.77432116793467,-0.31232116793467
2.362,2.0109609775898556,0.3510390224101445
2.322,3.0174161351576028,-0.6954161351576027
0.533,0.9801032520844031,-0.44710325208440305
1.631,1.533922671919155,0.09707732808084502
0.724,0.3144551075891209,0.4095448924108791
2.345,2.113673519058636,0.2313264809413642
1.5,1.7767736633500133,-0.2767736633500133
1.161,1.4766598986220683,-0.3156598986220682
1.813,1.791651713581433,0.02134828641856701
1.21,2.0352864572600344,-0.8252864572600345
0.887,1.677155407732085,-0.7901554077320849
1.825,2.5525811630499713,-0.7275811630499713
1.974,2.1848412470057474,-0.21084124700574747
1.281,1.82630339621049,-0.5453033962104901
0.765,0.6126902562860943,0.1523097437139057
3.0,3.155310945552875,-0.15531094555287517
5.00001,4.376839629871063,0.6231703701289364
1.603,2.0452340589760576,-0.4422340589760576
3.356,3.312761128261429,0.04323887173857077
1.576,1.5964989224717199,-0.020498922471719805
1.906,2.3480343710347187,-0.44203437103471876
1.808,1.9382784477343074,-0.1302784477343073
1.042,1.0633781102506423,-0.02137811025064229
1.118,1.5907269251447096,-0.4727269251447095
1.941,2.3387279035915314,-0.3977279035915313
2.538,3.075584335950963,-0.5375843359509633
1.295,2.0683905907039892,-0.7733905907039893
1.176,1.5283107740471444,-0.3523107740471445
3.398,3.386889408413656,0.01111059158634431
3.429,2.5100317127492384,0.9189682872507614
1.955,1.7798060128911726,0.1751939871088275
0.838,0.4797160730460459,0.35828392695395406
0.942,1.647683671356939,-0.705683671356939
1.406,1.4403777876061037,-0.03437778760610377
1.609,2.161475159055396,-0.5524751590553958
1.693,2.003822349944808,-0.31082234994480773
2.759,2.764694143450007,-0.005694143450007072
1.462,1.605370937350203,-0.143370937350203
2.023,1.1729159608247564,0.8500840391752438
1.54,1.934652704713544,-0.39465270471354397
1.355,1.9786915947926784,-0.6236915947926784
2.359,2.6810563988170126,-0.32205639881701265
1.288,1.4154917734334997,-0.1274917734334997
2.496,2.405747968913995,0.09025203108600488
3.0,2.124911211451262,0.8750887885487382
1.341,1.8612248647896685,-0.5202248647896686
3.086,2.664760803895091,0.4212391961049087
3.5,2.630457153783272,0.8695428462167278
1.108,1.9834573729961158,-0.8754573729961157
1.908,1.7962629725485662,0.11173702745143377
1.088,1.006252375114295,0.08174762488570497
1.444,1.6098819139758924,-0.16588191397589247
1.629,1.9593343703617672,-0.33033437036176716
1.639,2.1623493921497756,-0.5233493921497756
0.98,1.4827827593382332,-0.5027827593382332
1.327,1.715255101356155,-0.38825510135615504
2.831,2.7675673230518014,0.06343267694819854
4.072,3.0035825470763484,1.0684174529236516
2.482,2.991113448406307,-0.5091134484063069
0.645,1.2452399188013938,-0.6002399188013938
5.00001,2.8198454991240895,2.18016450087591
1.944,2.389962609909332,-0.4459626099093321
1.375,1.6618838420623983,-0.28688384206239825
1.273,1.6532582554281394,-0.3802582554281395
0.853,1.5666400605672246,-0.7136400605672246
1.949,1.9193848717020203,0.029615128297979743
2.211,2.3588614493087654,-0.14786144930876555
1.922,2.133563495867532,-0.2115634958675321
4.045,2.1595265080083808,1.8854734919916192
0.735,0.6054101842720345,0.12958981572796546
2.337,2.101601920274766,0.23539807972523397
1.188,1.2341706880211754,-0.04617068802117541
0.7,1.2690363453512408,-0.5690363453512408
1.828,1.9497254520377398,-0.12172545203773977
5.00001,4.794236575618907,0.2057734243810927
1.577,2.107163584663275,-0.5301635846632751
2.479,2.5754125494211983,-0.09641254942119826
5.00001,4.265071986723295,0.7349380132767047
3.579,2.6611077863912707,0.9178922136087295
0.569,0.6224342831881411,-0.05343428318814114
3.024,3.2970513671201673,-0.2730513671201673
1.254,1.4544748054767478,-0.20047480547674779
3.864,2.5205805359232993,1.3434194640767005
1.756,1.9664479147912424,-0.21044791479124236
1.105,1.72706115696639,-0.6220611569663901
3.867,3.9436655718785807,-0.0766655718785807
1.375,1.9487729841883579,-0.5737729841883579
2.287,3.032741631194317,-0.745741631194317
1.494,1.8463937919032096,-0.35239379190320963
0.737,1.4784836701274884,-0.7414836701274884
5.00001,2.7180475802952593,2.2819624197047403
1.321,1.4097440370160326,-0.08874403701603262
0.865,0.785049064556647,0.07995093544335297
4.179,2.46805418285191,1.7109458171480902
1.726,1.4950599102968867,0.2309400897031133
0.997,1.0762906082937511,-0.07929060829375112
0.725,1.6770691682407357,-0.9520691682407357
1.808,2.7903230699521333,-0.9823230699521333
3.084,2.350121733920153,0.7338782660798469
2.883,2.86071365616818,0.022286343831820155
3.022,2.1730982703510753,0.8489017296489245
2.888,3.243551909607768,-0.35555190960776795
1.0,1.3891621967193222,-0.3891621967193222
2.33,2.0771075188565655,0.25289248114343454
1.369,2.268125313719973,-0.8991253137199731
2.094,1.8775681890679983,0.2164318109320016
2.466,2.706984452328071,-0.24098445232807064
0.652,0.7295951057769585,-0.0775951057769585
4.912,2.661398793403445,2.250601206596555
3.567,3.3068044431582098,0.2601955568417904
1.643,2.0008832933076897,-0.35788329330768964
0.882,1.0339657492133756,-0.15196574921337558
1.559,1.0084376985716328,0.5505623014283672
1.917,1.8703483447785787,0.04665165522142134
0.844,1.874471422725725,-1.030471422725725
1.901,2.4015179929494597,-0.5005179929494596
1.125,1.0411570001254615,0.08384299987453847
1.152,2.1743412983959156,-1.0223412983959157
1.746,2.352032057452418,-0.6060320574524178
1.135,1.8062369188933727,-0.6712369188933727
1.524,2.1998374638940255,-0.6758374638940254
2.503,2.0828152846770602,0.4201847153229399
1.837,2.189100501795889,-0.35210050179588914
5.00001,2.1350706499627647,2.864939350037235
3.109,2.9342289096936263,0.17477109030637372
2.306,2.0182900034014484,0.2877099965985517
0.685,0.8951597216854492,-0.21015972168544916
2.674,2.3837966228571736,0.2902033771428263
1.453,1.8319119771032975,-0.3789119771032974
2.82,3.1109387417380385,-0.2909387417380387
2.821,1.5679516765914596,1.2530483234085406
1.898,2.5922406316196467,-0.6942406316196468
2.544,2.7773378729484985,-0.2333378729484985
1.617,2.208782265442316,-0.5917822654423159
1.888,1.8055724839908227,0.08242751600917719
5.00001,2.6737277594762423,2.3262822405237573
0.944,0.7494772697736027,0.1945227302263972
3.428,2.757053764647628,0.6709462353523721
1.915,2.2906811594252163,-0.3756811594252163
2.096,1.821844739063795,0.274155260936205
2.35,2.31964661233462,0.030353387665380094
2.314,3.0710765841848957,-0.7570765841848957
1.302,1.9258273517800981,-0.6238273517800981
2.082,2.526167662571268,-0.4441676625712683
5.00001,4.411724018844036,0.5882859811559635
1.686,1.943365217199977,-0.25736521719997696
2.281,2.199549099687157,0.08145090031284319
1.269,1.8885642543496197,-0.6195642543496198
1.355,1.8157680649358023,-0.46076806493580236
1.567,2.5062410906191244,-0.9392410906191244
2.086,2.2662626680268727,-0.18026266802687285
4.367,2.661261225489657,1.7057387745103432
0.71,0.845590101837906,-0.13559010183790599
0.888,0.42688763454710066,0.46111236545289935
3.416,3.3315755226929378,0.08442447730706215
1.202,1.6330437820194645,-0.4310437820194646
1.482,1.639712623575157,-0.15771262357515692
5.00001,3.520560299391504,1.4794497006084955
3.75,2.019098533076241,1.730901466923759
1.375,1.79216930482165,-0.41716930482165004
0.648,0.7427110742144074,-0.09471107421440739
2.318,2.605241959628998,-0.2872419596289979
1.607,1.9957219435189342,-0.3887219435189342
2.51,2.103908501242906,0.4060914987570938
1.425,2.2374007361015074,-0.8124007361015073
1.765,2.140300615469974,-0.37530061546997406
1.771,2.1840400576436245,-0.4130400576436246
3.118,2.9271476825826754,0.19085231741732445
0.846,1.6670551694160751,-0.8210551694160751
1.226,0.8760268786288004,0.3499731213711996
1.982,2.2945762655447073,-0.3125762655447073
5.0,2.898996410415486,2.101003589584514
2.798,3.1206581308658543,-0.32265813086585426
1.95,2.638905311006113,-0.6889053110061132
2.028,1.329591604866437,0.6984083951335631
3.541,2.58248447113375,0.9585155288662501
2.595,2.7710987748507545,-0.1760987748507543
5.00001,2.8493691756260264,2.150640824373973
2.724,2.773808983543833,-0.049808983543832674
1.839,2.0396298203974164,-0.2006298203974164
2.858,2.49826065835789,0.35973934164210997
2.25,1.7135551400288804,0.5364448599711196
2.926,2.451455222526462,0.4745447774735383
0.552,0.5384234866505422,0.013576513349457864
2.62,1.906367003733815,0.7136329962661851
1.589,2.6024403960745865,-1.0134403960745866
1.721,2.456726394709197,-0.735726394709197
1.917,2.281387625302844,-0.36438762530284374
2.25,2.451491938980711,-0.20149193898071083
1.083,1.5731086553607463,-0.4901086553607463
1.136,1.0456058489634223,0.09039415103657755
1.0,1.4714311464449572,-0.4714311464449572
1.917,1.6200863570701876,0.2969136429298125
1.172,1.3141828519179737,-0.14218285191797375
1.106,1.3467184247166495,-0.2407184247166494
0.802,1.358511358304845,-0.5565113583048449
0.981,1.6858997573158687,-0.7048997573158687
2.538,2.836046726112847,-0.298046726112847
0.481,0.6597731551324693,-0.17877315513246927
1.928,1.98163093983264,-0.05363093983264
1.328,1.4054328496461466,-0.0774328496461465
1.963,1.6717908640313852,0.29120913596861486
3.208,2.293050389297202,0.9149496107027981
3.194,2.1089298762195208,1.0850701237804792
2.037,2.891092848377532,-0.8540928483775323
2.071,2.671878208565249,-0.6008782085652489
0.799,0.8308747080425489,-0.03187470804254888
5.00001,2.42902608491615,2.5709839150838496
3.3,2.4295290353622025,0.8704709646377973
1.39,1.9685210997778309,-0.578521099777831
1.875,2.1792516253945666,-0.3042516253945666
4.483,2.5668961202034435,1.9161038797965562
1.763,2.0021101438181987,-0.23911014381819884
1.759,1.650928722652226,0.10807127734777389
1.042,1.4061195842381686,-0.3641195842381686
1.622,2.009723568539614,-0.3877235685396141
1.668,2.116467917717059,-0.44846791771705896
1.612,1.6812491994263115,-0.06924919942631136
1.531,1.835648619197889,-0.304648619197889
1.569,1.4896066378019077,0.07939336219809223
1.581,1.6808567196452862,-0.0998567196452862
0.769,1.2123243487551052,-0.4433243487551052
1.654,2.167291819615238,-0.5132918196152381
0.735,1.9717846714949843,-1.2367846714949842
1.184,1.6778881603425095,-0.4938881603425096
1.424,1.5587815736825739,-0.13478157368257393
2.803,2.817133421675753,-0.014133421675753155
1.072,1.0333140732100878,0.03868592678991223
1.833,1.1724142169946044,0.6605857830053956
0.988,0.047543183068887274,0.9404568169311127
2.345,1.8157268020264803,0.5292731979735199
1.435,2.2615545782950783,-0.8265545782950783
1.08,1.9929226601524421,-0.9129226601524421
0.978,-0.14358418395321282,1.1215841839532128
0.705,1.1037530383932144,-0.3987530383932144
2.259,1.8540075417013315,0.40499245829866837
2.398,2.5352728147519903,-0.13727281475199016
1.364,1.7420253888383863,-0.3780253888383862
1.806,2.225087768965663,-0.4190877689656629
2.396,2.6692116799561507,-0.2732116799561508
2.657,2.858967729074104,-0.20196772907410399
2.042,2.228419351923997,-0.1864193519239974
1.225,1.9888745983034102,-0.7638745983034101
2.04,2.76194293365083,-0.7219429336508298
1.953,2.0964261729106966,-0.14342617291069648
2.158,2.270464400491466,-0.11246440049146589
5.00001,3.1474977420839707,1.852512257916029
0.758,0.12432311863068946,0.6336768813693106
2.654,3.0160240756562855,-0.3620240756562856
2.737,3.596249320739484,-0.859249320739484
1.164,1.6299945447570012,-0.4659945447570013
0.594,1.1508522596572837,-0.5568522596572837
1.37,1.6350193819729892,-0.26501938197298913
1.192,0.3202628446955209,0.871737155304479
2.442,2.731212550675382,-0.28921255067538176
1.7,1.930833502373728,-0.23083350237372802
2.803,3.4729248044588434,-0.6699248044588435
2.85,3.1281595350760005,-0.27815953507600044
1.026,1.540170277203767,-0.5141702772037671
1.205,0.7533805686339927,0.45161943136600735
3.616,2.8754601553751717,0.7405398446248284
4.553,3.9467611459290577,0.6062388540709422
2.134,2.211428404951475,-0.0774284049514753
1.58,2.6924782447057867,-1.1124782447057866
2.17,2.1853259322367267,-0.015325932236726736
0.637,0.42538743314574523,0.21161256685425478
2.443,3.1819798200782716,-0.7389798200782716
1.511,1.60044227521856,-0.08944227521856019
1.108,1.3851760462798888,-0.2771760462798887
4.338,4.293830773202872,0.04416922679712787
0.729,1.1910916115156072,-0.4620916115156072
1.085,1.9772711772566103,-0.8922711772566103
4.526,4.151942685752973,0.37405731424702715
4.676,5.644136709559698,-0.9681367095596976
2.633,1.9917457428060017,0.6412542571939983
2.668,2.249839116298867,0.418160883701133
5.00001,4.46877016572335,0.5312398342766498
0.723,1.1875111855194609,-0.4645111855194609
1.515,2.009402509723116,-0.49440250972311595
